CREATE DATABASE IF NOT EXISTS `btth01_cse485` /*!40100 DEFAULT CHARACTER SET utf8mb4 COLLATE utf8mb4_general_ci */;
USE `btth01_cse485`;

CREATE TABLE IF NOT EXISTS `baiviet` (
  `ma_bviet` int(10) unsigned NOT NULL,
  `tieude` varchar(200) NOT NULL,
  `ten_bhat` varchar(100) NOT NULL,
  `ma_tloai` int(10) unsigned NOT NULL,
  `tomtat` text NOT NULL,
  `noidung` text DEFAULT NULL,
  `ma_tgia` int(10) unsigned NOT NULL,
  `ngayviet` datetime NOT NULL DEFAULT current_timestamp(),
  `hinhanh` varchar(200) DEFAULT NULL,
  PRIMARY KEY (`ma_bviet`),
  KEY `FK_TheLoai` (`ma_tloai`),
  KEY `FK_TacGia` (`ma_tgia`),
  CONSTRAINT `FK_TacGia` FOREIGN KEY (`ma_tgia`) REFERENCES `tacgia` (`ma_tgia`) ON DELETE CASCADE ON UPDATE CASCADE,
  CONSTRAINT `FK_TheLoai` FOREIGN KEY (`ma_tloai`) REFERENCES `theloai` (`ma_tloai`) ON DELETE CASCADE ON UPDATE CASCADE
) ENGINE=InnoDB DEFAULT CHARSET=utf8mb4 COLLATE=utf8mb4_general_ci;

INSERT INTO `baiviet` (`ma_bviet`, `tieude`, `ten_bhat`, `ma_tloai`, `tomtat`, `noidung`, `ma_tgia`, `ngayviet`, `hinhanh`) VALUES
	(1, 'Chúng Ta Vượt Qua Mọi Khó Khăn', 'Lạc Trôi', 26, 'Nullam porttitor lacus at turpis. Donec posuere metus vitae ipsum. Aliquam non mauris. Morbi non lectus. Aliquam sit amet diam in magna bibendum imperdiet. Nullam orci pede, venenatis non, sodales sed, tincidunt eu, felis.', 'Nulla facilisi.', 6, '2023-06-18 00:00:00', NULL),
	(2, 'Chúng Ta Vượt Qua Mọi Khó Khăn', 'Ước Gì', 4, 'In quis justo. Maecenas rhoncus aliquam lacus. Morbi quis tortor id nulla ultrices aliquet. Maecenas leo odio, condimentum id, luctus nec, molestie sed, justo. Pellentesque viverra pede ac diam. Cras pellentesque volutpat dui. Maecenas tristique, est et tempus semper, est quam pharetra magna, ac consequat metus sapien ut nunc. Vestibulum ante ipsum primis in faucibus orci luctus et ultrices posuere cubilia Curae; Mauris viverra diam vitae quam. Suspendisse potenti.', 'Ut at dolor quis odio consequat varius.', 10, '2023-05-03 00:00:00', NULL),
	(3, 'Hãy Ghi Sâu Trong Tim', 'Đánh Mất Em', 22, 'Nullam porttitor lacus at turpis. Donec posuere metus vitae ipsum.', 'Phasellus in felis. Donec semper sapien a libero. Nam dui. Proin leo odio, porttitor id, consequat in, consequat ut, nulla. Sed accumsan felis. Ut at dolor quis odio consequat varius. Integer ac leo. Pellentesque ultrices mattis odio. Donec vitae nisi.', 42, '2021-01-03 00:00:00', NULL),
	(4, 'Vòng Tay Ấm Áp Của Em Là Nơi Anh Tìm Được Sự Bình Yên', 'Anh Nhà Ở Đâu Thế', 30, 'Cras non velit nec nisi vulputate nonummy. Maecenas tincidunt lacus at velit. Vivamus vel nulla eget eros elementum pellentesque. Quisque porta volutpat erat.', 'Vestibulum ante ipsum primis in faucibus orci luctus et ultrices posuere cubilia Curae; Duis faucibus accumsan odio. Curabitur convallis. Duis consequat dui nec nisi volutpat eleifend. Donec ut dolor.', 16, '2022-08-16 00:00:00', NULL),
	(5, 'Khi Đôi Ta Gặp Nhau Trong Những Cơn Mưa Rào Đầu Tiên', 'Lạc Trôi', 20, 'Quisque ut erat. Curabitur gravida nisi at nibh. In hac habitasse platea dictumst. Aliquam augue quam, sollicitudin vitae, consectetuer eget, rutrum at, lorem. Integer tincidunt ante vel ipsum. Praesent blandit lacinia erat. Vestibulum sed magna at nunc commodo placerat. Praesent blandit. Nam nulla. Integer pede justo, lacinia eget, tincidunt eget, tempus vel, pede.', 'Vestibulum rutrum rutrum neque. Aenean auctor gravida sem.', 16, '2021-12-23 00:00:00', NULL),
	(6, 'Nắm Tay Nhau Đi Qua Mọi Chông Gai', 'Đường Tôi Chở Em Về', 1, 'In est risus, auctor sed, tristique in, tempus sit amet, sem. Fusce consequat. Nulla nisl.', 'In hac habitasse platea dictumst. Morbi vestibulum, velit id pretium iaculis, diam erat fermentum justo, nec condimentum neque sapien placerat ante.', 9, '2023-03-20 00:00:00', NULL),
	(7, 'Điều Kỳ Diệu Sẽ Xảy Ra Trên Đường Đời', 'Sóng Gió', 20, 'Nulla neque libero, convallis eget, eleifend luctus, ultricies eu, nibh. Quisque id justo sit amet sapien dignissim vestibulum. Vestibulum ante ipsum primis in faucibus orci luctus et ultrices posuere cubilia Curae; Nulla dapibus dolor vel est. Donec odio justo, sollicitudin ut, suscipit a, feugiat et, eros. Vestibulum ac est lacinia nisi venenatis tristique. Fusce congue, diam id ornare imperdiet, sapien urna pretium nisl, ut volutpat sapien arcu sed augue. Aliquam erat volutpat. In congue. Etiam justo.', 'Sed sagittis. Nam congue, risus semper porta volutpat, quam pede lobortis ligula, sit amet eleifend pede libero quis orci. Nullam molestie nibh in lectus. Pellentesque at nulla. Suspendisse potenti. Cras in purus eu magna vulputate luctus. Cum sociis natoque penatibus et magnis dis parturient montes, nascetur ridiculus mus. Vivamus vestibulum sagittis sapien. Cum sociis natoque penatibus et magnis dis parturient montes, nascetur ridiculus mus.', 39, '2023-04-25 00:00:00', NULL),
	(8, 'Với Tình Yêu Và Niềm Tin', 'Nơi Này Có Anh', 30, 'Aliquam erat volutpat. In congue.', 'Morbi a ipsum. Integer a nibh. In quis justo. Maecenas rhoncus aliquam lacus. Morbi quis tortor id nulla ultrices aliquet. Maecenas leo odio, condimentum id, luctus nec, molestie sed, justo. Pellentesque viverra pede ac diam. Cras pellentesque volutpat dui. Maecenas tristique, est et tempus semper, est quam pharetra magna, ac consequat metus sapien ut nunc.', 14, '2022-05-03 00:00:00', NULL),
	(9, 'Chúng Ta Tan Chảy Trong Những Nốt Nhạc Dịu Dàng', 'Cánh Hồng Phai', 3, 'Nulla ac enim.', 'In hac habitasse platea dictumst. Aliquam augue quam, sollicitudin vitae, consectetuer eget, rutrum at, lorem. Integer tincidunt ante vel ipsum. Praesent blandit lacinia erat. Vestibulum sed magna at nunc commodo placerat. Praesent blandit.', 1, '2022-03-20 00:00:00', NULL),
	(10, 'Chúng Ta Tan Chảy Trong Những Nốt Nhạc Dịu Dàng', 'Có Ai Thương Em Như Anh', 6, 'Nam tristique tortor eu pede.', 'Donec odio justo, sollicitudin ut, suscipit a, feugiat et, eros. Vestibulum ac est lacinia nisi venenatis tristique. Fusce congue, diam id ornare imperdiet, sapien urna pretium nisl, ut volutpat sapien arcu sed augue. Aliquam erat volutpat.', 13, '2020-11-05 00:00:00', NULL),
	(11, 'Chúng Ta Sẽ Chẳng Bao Giờ Rời Xa', 'Yêu Là Tha Thu', 21, 'Integer pede justo, lacinia eget, tincidunt eget, tempus vel, pede. Morbi porttitor lorem id ligula. Suspendisse ornare consequat lectus. In est risus, auctor sed, tristique in, tempus sit amet, sem. Fusce consequat. Nulla nisl. Nunc nisl. Duis bibendum, felis sed interdum venenatis, turpis enim blandit mi, in porttitor pede justo eu massa. Donec dapibus.', 'In hac habitasse platea dictumst. Aliquam augue quam, sollicitudin vitae, consectetuer eget, rutrum at, lorem. Integer tincidunt ante vel ipsum. Praesent blandit lacinia erat. Vestibulum sed magna at nunc commodo placerat. Praesent blandit. Nam nulla. Integer pede justo, lacinia eget, tincidunt eget, tempus vel, pede. Morbi porttitor lorem id ligula.', 25, '2022-06-15 00:00:00', NULL),
	(12, 'Hãy Ghi Sâu Trong Tim', 'Sài Gòn Đau Lòng Quá', 28, 'Donec ut mauris eget massa tempor convallis. Nulla neque libero, convallis eget, eleifend luctus, ultricies eu, nibh. Quisque id justo sit amet sapien dignissim vestibulum. Vestibulum ante ipsum primis in faucibus orci luctus et ultrices posuere cubilia Curae; Nulla dapibus dolor vel est. Donec odio justo, sollicitudin ut, suscipit a, feugiat et, eros. Vestibulum ac est lacinia nisi venenatis tristique. Fusce congue, diam id ornare imperdiet, sapien urna pretium nisl, ut volutpat sapien arcu sed augue. Aliquam erat volutpat.', 'Cras pellentesque volutpat dui.', 25, '2023-06-09 00:00:00', NULL),
	(13, 'Chúng Ta Sẽ Chẳng Bao Giờ Rời Xa', 'Cùng Anh', 13, 'Etiam faucibus cursus urna. Ut tellus. Nulla ut erat id mauris vulputate elementum. Nullam varius.', 'Aenean auctor gravida sem. Praesent id massa id nisl venenatis lacinia. Aenean sit amet justo. Morbi ut odio. Cras mi pede, malesuada in, imperdiet et, commodo vulputate, justo. In blandit ultrices enim. Lorem ipsum dolor sit amet, consectetuer adipiscing elit.', 41, '2021-11-06 00:00:00', NULL),
	(14, 'Giữ Chặt Tình Yêu', 'Đừng Hỏi Em', 18, 'Maecenas ut massa quis augue luctus tincidunt. Nulla mollis molestie lorem. Quisque ut erat.', 'Maecenas tristique, est et tempus semper, est quam pharetra magna, ac consequat metus sapien ut nunc. Vestibulum ante ipsum primis in faucibus orci luctus et ultrices posuere cubilia Curae; Mauris viverra diam vitae quam. Suspendisse potenti. Nullam porttitor lacus at turpis.', 1, '2022-12-20 00:00:00', NULL),
	(15, 'Điều Kỳ Diệu Sẽ Xảy Ra Trên Đường Đời', 'Lạc Trôi', 4, 'Proin interdum mauris non ligula pellentesque ultrices. Phasellus id sapien in sapien iaculis congue. Vivamus metus arcu, adipiscing molestie, hendrerit at, vulputate vitae, nisl. Aenean lectus. Pellentesque eget nunc. Donec quis orci eget orci vehicula condimentum. Curabitur in libero ut massa volutpat convallis. Morbi odio odio, elementum eu, interdum eu, tincidunt in, leo. Maecenas pulvinar lobortis est. Phasellus sit amet erat.', 'Duis aliquam convallis nunc. Proin at turpis a pede posuere nonummy. Integer non velit. Donec diam neque, vestibulum eget, vulputate ut, ultrices vel, augue.', 17, '2021-04-25 00:00:00', NULL),
	(16, 'Chúng Ta Vượt Qua Mọi Khó Khăn', 'Nơi Này Có Anh', 15, 'Cum sociis natoque penatibus et magnis dis parturient montes, nascetur ridiculus mus. Etiam vel augue.', 'Aliquam sit amet diam in magna bibendum imperdiet.', 5, '2021-03-10 00:00:00', NULL),
	(17, 'Chúng Ta Tan Chảy Trong Những Nốt Nhạc Dịu Dàng', 'Chúng Ta Không Thuộc Về Nhau', 22, 'Nulla neque libero, convallis eget, eleifend luctus, ultricies eu, nibh.', 'Aenean auctor gravida sem. Praesent id massa id nisl venenatis lacinia. Aenean sit amet justo. Morbi ut odio. Cras mi pede, malesuada in, imperdiet et, commodo vulputate, justo. In blandit ultrices enim. Lorem ipsum dolor sit amet, consectetuer adipiscing elit. Proin interdum mauris non ligula pellentesque ultrices.', 15, '2021-05-02 00:00:00', NULL),
	(18, 'Giữ Chặt Tình Yêu', 'Để Mỵ Nói Cho Mà Nghe', 10, 'Fusce congue, diam id ornare imperdiet, sapien urna pretium nisl, ut volutpat sapien arcu sed augue. Aliquam erat volutpat. In congue. Etiam justo.', 'Ut tellus. Nulla ut erat id mauris vulputate elementum. Nullam varius. Nulla facilisi. Cras non velit nec nisi vulputate nonummy. Maecenas tincidunt lacus at velit. Vivamus vel nulla eget eros elementum pellentesque. Quisque porta volutpat erat. Quisque erat eros, viverra eget, congue eget, semper rutrum, nulla.', 8, '2023-04-11 00:00:00', NULL),
	(19, 'Tình Yêu Là Một Câu Chuyện Dài Đẹp', 'Buồn Của Anh', 15, 'Nulla facilisi. Cras non velit nec nisi vulputate nonummy. Maecenas tincidunt lacus at velit. Vivamus vel nulla eget eros elementum pellentesque. Quisque porta volutpat erat.', 'Integer ac leo. Pellentesque ultrices mattis odio. Donec vitae nisi. Nam ultrices, libero non mattis pulvinar, nulla pede ullamcorper augue, a suscipit nulla elit ac nulla. Sed vel enim sit amet nunc viverra dapibus. Nulla suscipit ligula in lacus. Curabitur at ipsum ac tellus semper interdum. Mauris ullamcorper purus sit amet nulla.', 31, '2021-10-15 00:00:00', NULL),
	(20, 'Một Đời Yêu Nhau', 'Đường Tôi Chở Em Về', 5, 'Morbi vel lectus in quam fringilla rhoncus. Mauris enim leo, rhoncus sed, vestibulum sit amet, cursus id, turpis. Integer aliquet, massa id lobortis convallis, tortor risus dapibus augue, vel accumsan tellus nisi eu orci. Mauris lacinia sapien quis libero. Nullam sit amet turpis elementum ligula vehicula consequat. Morbi a ipsum.', 'Maecenas pulvinar lobortis est. Phasellus sit amet erat.', 43, '2022-12-20 00:00:00', NULL),
	(21, 'Gửi Tình Yêu Thắm Thiết Nhất', 'Anh Nhà Ở Đâu Thế', 29, 'Vivamus in felis eu sapien cursus vestibulum. Proin eu mi. Nulla ac enim. In tempor, turpis nec euismod scelerisque, quam turpis adipiscing lorem, vitae mattis nibh ligula nec sem.', 'Morbi porttitor lorem id ligula. Suspendisse ornare consequat lectus. In est risus, auctor sed, tristique in, tempus sit amet, sem. Fusce consequat. Nulla nisl. Nunc nisl. Duis bibendum, felis sed interdum venenatis, turpis enim blandit mi, in porttitor pede justo eu massa. Donec dapibus.', 46, '2023-03-25 00:00:00', NULL),
	(22, 'Giữ Chặt Tình Yêu', 'Chạy Ngay Đi', 19, 'Duis bibendum, felis sed interdum venenatis, turpis enim blandit mi, in porttitor pede justo eu massa. Donec dapibus. Duis at velit eu est congue elementum. In hac habitasse platea dictumst.', 'Duis ac nibh. Fusce lacus purus, aliquet at, feugiat non, pretium quis, lectus. Suspendisse potenti. In eleifend quam a odio. In hac habitasse platea dictumst. Maecenas ut massa quis augue luctus tincidunt.', 18, '2022-09-22 00:00:00', NULL),
	(23, 'Những Kỷ Niệm Ngọt Ngào Mà Chúng Ta Xây Dựng Bên Nhau', 'Đừng Hỏi Em', 6, 'Suspendisse ornare consequat lectus. In est risus, auctor sed, tristique in, tempus sit amet, sem.', 'Aenean fermentum. Donec ut mauris eget massa tempor convallis. Nulla neque libero, convallis eget, eleifend luctus, ultricies eu, nibh.', 21, '2021-11-21 00:00:00', NULL),
	(24, 'Giữ Chặt Tình Yêu', 'Yêu Là Tha Thu', 29, 'Ut at dolor quis odio consequat varius. Integer ac leo. Pellentesque ultrices mattis odio. Donec vitae nisi. Nam ultrices, libero non mattis pulvinar, nulla pede ullamcorper augue, a suscipit nulla elit ac nulla. Sed vel enim sit amet nunc viverra dapibus. Nulla suscipit ligula in lacus. Curabitur at ipsum ac tellus semper interdum. Mauris ullamcorper purus sit amet nulla. Quisque arcu libero, rutrum ac, lobortis vel, dapibus at, diam.', 'Etiam faucibus cursus urna. Ut tellus. Nulla ut erat id mauris vulputate elementum. Nullam varius. Nulla facilisi. Cras non velit nec nisi vulputate nonummy. Maecenas tincidunt lacus at velit.', 49, '2021-08-14 00:00:00', NULL),
	(25, 'Gửi Tình Yêu Thắm Thiết Nhất', 'Tháng Tư Là Lời Nói Dối Của Em', 13, 'Fusce congue, diam id ornare imperdiet, sapien urna pretium nisl, ut volutpat sapien arcu sed augue. Aliquam erat volutpat. In congue. Etiam justo. Etiam pretium iaculis justo. In hac habitasse platea dictumst. Etiam faucibus cursus urna. Ut tellus. Nulla ut erat id mauris vulputate elementum.', 'Quisque erat eros, viverra eget, congue eget, semper rutrum, nulla. Nunc purus. Phasellus in felis. Donec semper sapien a libero. Nam dui. Proin leo odio, porttitor id, consequat in, consequat ut, nulla. Sed accumsan felis. Ut at dolor quis odio consequat varius.', 25, '2023-02-21 00:00:00', NULL),
	(26, 'Chúng Ta Sẽ Chẳng Bao Giờ Rời Xa', 'Sài Gòn Đau Lòng Quá', 10, 'Donec ut dolor.', 'Vivamus in felis eu sapien cursus vestibulum. Proin eu mi. Nulla ac enim. In tempor, turpis nec euismod scelerisque, quam turpis adipiscing lorem, vitae mattis nibh ligula nec sem. Duis aliquam convallis nunc. Proin at turpis a pede posuere nonummy. Integer non velit.', 39, '2021-07-31 00:00:00', NULL),
	(27, 'Giữ Chặt Tình Yêu', 'Nàng Thơ', 4, 'Proin eu mi. Nulla ac enim. In tempor, turpis nec euismod scelerisque, quam turpis adipiscing lorem, vitae mattis nibh ligula nec sem. Duis aliquam convallis nunc. Proin at turpis a pede posuere nonummy. Integer non velit. Donec diam neque, vestibulum eget, vulputate ut, ultrices vel, augue. Vestibulum ante ipsum primis in faucibus orci luctus et ultrices posuere cubilia Curae; Donec pharetra, magna vestibulum aliquet ultrices, erat tortor sollicitudin mi, sit amet lobortis sapien sapien non mi. Integer ac neque.', 'Aliquam non mauris. Morbi non lectus.', 12, '2022-09-24 00:00:00', NULL),
	(28, 'Vòng Tay Ấm Áp Của Em Là Nơi Anh Tìm Được Sự Bình Yên', 'Em Gái Mưa', 30, 'Nullam molestie nibh in lectus. Pellentesque at nulla. Suspendisse potenti. Cras in purus eu magna vulputate luctus. Cum sociis natoque penatibus et magnis dis parturient montes, nascetur ridiculus mus. Vivamus vestibulum sagittis sapien. Cum sociis natoque penatibus et magnis dis parturient montes, nascetur ridiculus mus. Etiam vel augue.', 'Praesent id massa id nisl venenatis lacinia. Aenean sit amet justo. Morbi ut odio. Cras mi pede, malesuada in, imperdiet et, commodo vulputate, justo. In blandit ultrices enim.', 47, '2022-10-05 00:00:00', NULL),
	(29, 'Hãy Ghi Sâu Trong Tim', 'Chạy Ngay Đi', 21, 'Phasellus sit amet erat. Nulla tempus. Vivamus in felis eu sapien cursus vestibulum. Proin eu mi. Nulla ac enim. In tempor, turpis nec euismod scelerisque, quam turpis adipiscing lorem, vitae mattis nibh ligula nec sem. Duis aliquam convallis nunc.', 'Morbi vel lectus in quam fringilla rhoncus. Mauris enim leo, rhoncus sed, vestibulum sit amet, cursus id, turpis. Integer aliquet, massa id lobortis convallis, tortor risus dapibus augue, vel accumsan tellus nisi eu orci. Mauris lacinia sapien quis libero. Nullam sit amet turpis elementum ligula vehicula consequat. Morbi a ipsum.', 13, '2021-02-17 00:00:00', NULL),
	(30, 'Đắm Say Trong Không Gian Âm Nhạc', 'Đi Để Trở Về', 11, 'Quisque erat eros, viverra eget, congue eget, semper rutrum, nulla. Nunc purus.', 'Aliquam non mauris.', 42, '2022-12-10 00:00:00', NULL),
	(31, 'Những Kỷ Niệm Ngọt Ngào Mà Chúng Ta Xây Dựng Bên Nhau', 'Chạy Ngay Đi', 10, 'Fusce consequat. Nulla nisl. Nunc nisl. Duis bibendum, felis sed interdum venenatis, turpis enim blandit mi, in porttitor pede justo eu massa.', 'Quisque id justo sit amet sapien dignissim vestibulum. Vestibulum ante ipsum primis in faucibus orci luctus et ultrices posuere cubilia Curae; Nulla dapibus dolor vel est. Donec odio justo, sollicitudin ut, suscipit a, feugiat et, eros. Vestibulum ac est lacinia nisi venenatis tristique. Fusce congue, diam id ornare imperdiet, sapien urna pretium nisl, ut volutpat sapien arcu sed augue. Aliquam erat volutpat. In congue.', 29, '2020-12-14 00:00:00', NULL),
	(32, 'Hạnh Phúc Thật Sự Rực Rỡ Khi Ta Đồng Hành Bên Nhau Trên Cuộc Sống', 'Người Lạ Ơi', 29, 'In sagittis dui vel nisl. Duis ac nibh. Fusce lacus purus, aliquet at, feugiat non, pretium quis, lectus. Suspendisse potenti.', 'Nullam varius. Nulla facilisi. Cras non velit nec nisi vulputate nonummy. Maecenas tincidunt lacus at velit. Vivamus vel nulla eget eros elementum pellentesque. Quisque porta volutpat erat. Quisque erat eros, viverra eget, congue eget, semper rutrum, nulla. Nunc purus. Phasellus in felis. Donec semper sapien a libero.', 48, '2022-04-18 00:00:00', NULL),
	(33, 'Điều Kỳ Diệu Sẽ Xảy Ra Trên Đường Đời', 'Có Chắc Yêu Là Đây', 1, 'Pellentesque viverra pede ac diam. Cras pellentesque volutpat dui. Maecenas tristique, est et tempus semper, est quam pharetra magna, ac consequat metus sapien ut nunc. Vestibulum ante ipsum primis in faucibus orci luctus et ultrices posuere cubilia Curae; Mauris viverra diam vitae quam. Suspendisse potenti. Nullam porttitor lacus at turpis.', 'In hac habitasse platea dictumst. Morbi vestibulum, velit id pretium iaculis, diam erat fermentum justo, nec condimentum neque sapien placerat ante. Nulla justo. Aliquam quis turpis eget elit sodales scelerisque. Mauris sit amet eros.', 9, '2021-03-05 00:00:00', NULL),
	(34, 'Chúng Ta Vượt Qua Mọi Khó Khăn', 'Một Bước Yêu Vạn Dặm Đau', 2, 'Integer a nibh. In quis justo. Maecenas rhoncus aliquam lacus. Morbi quis tortor id nulla ultrices aliquet. Maecenas leo odio, condimentum id, luctus nec, molestie sed, justo. Pellentesque viverra pede ac diam. Cras pellentesque volutpat dui. Maecenas tristique, est et tempus semper, est quam pharetra magna, ac consequat metus sapien ut nunc. Vestibulum ante ipsum primis in faucibus orci luctus et ultrices posuere cubilia Curae; Mauris viverra diam vitae quam. Suspendisse potenti.', 'Curabitur gravida nisi at nibh. In hac habitasse platea dictumst. Aliquam augue quam, sollicitudin vitae, consectetuer eget, rutrum at, lorem. Integer tincidunt ante vel ipsum. Praesent blandit lacinia erat. Vestibulum sed magna at nunc commodo placerat. Praesent blandit. Nam nulla.', 42, '2023-06-11 00:00:00', NULL),
	(35, 'Vòng Tay Ấm Áp Của Em Là Nơi Anh Tìm Được Sự Bình Yên', 'Vì Anh Thương Em', 30, 'Mauris ullamcorper purus sit amet nulla.', 'Aliquam sit amet diam in magna bibendum imperdiet. Nullam orci pede, venenatis non, sodales sed, tincidunt eu, felis. Fusce posuere felis sed lacus.', 29, '2021-07-14 00:00:00', NULL),
	(36, 'Khi Đôi Ta Gặp Nhau Trong Những Cơn Mưa Rào Đầu Tiên', 'Từng Yêu', 30, 'Lorem ipsum dolor sit amet, consectetuer adipiscing elit. Proin interdum mauris non ligula pellentesque ultrices. Phasellus id sapien in sapien iaculis congue. Vivamus metus arcu, adipiscing molestie, hendrerit at, vulputate vitae, nisl. Aenean lectus. Pellentesque eget nunc. Donec quis orci eget orci vehicula condimentum.', 'Fusce consequat. Nulla nisl. Nunc nisl. Duis bibendum, felis sed interdum venenatis, turpis enim blandit mi, in porttitor pede justo eu massa.', 40, '2021-02-23 00:00:00', NULL),
	(37, 'Chúng Ta Sẽ Chẳng Bao Giờ Rời Xa', 'Cánh Hồng Phai', 28, 'Integer aliquet, massa id lobortis convallis, tortor risus dapibus augue, vel accumsan tellus nisi eu orci. Mauris lacinia sapien quis libero. Nullam sit amet turpis elementum ligula vehicula consequat. Morbi a ipsum. Integer a nibh. In quis justo. Maecenas rhoncus aliquam lacus. Morbi quis tortor id nulla ultrices aliquet.', 'Fusce congue, diam id ornare imperdiet, sapien urna pretium nisl, ut volutpat sapien arcu sed augue. Aliquam erat volutpat. In congue. Etiam justo. Etiam pretium iaculis justo. In hac habitasse platea dictumst.', 44, '2022-11-13 00:00:00', NULL),
	(38, 'Hãy Ghi Sâu Trong Tim', 'Một Đêm Say', 5, 'Maecenas ut massa quis augue luctus tincidunt.', 'Vestibulum ante ipsum primis in faucibus orci luctus et ultrices posuere cubilia Curae; Donec pharetra, magna vestibulum aliquet ultrices, erat tortor sollicitudin mi, sit amet lobortis sapien sapien non mi.', 3, '2022-05-22 00:00:00', NULL),
	(39, 'Những Kỷ Niệm Ngọt Ngào Mà Chúng Ta Xây Dựng Bên Nhau', 'Chạy Ngay Đi', 20, 'Morbi vestibulum, velit id pretium iaculis, diam erat fermentum justo, nec condimentum neque sapien placerat ante. Nulla justo. Aliquam quis turpis eget elit sodales scelerisque. Mauris sit amet eros. Suspendisse accumsan tortor quis turpis. Sed ante.', 'Morbi ut odio. Cras mi pede, malesuada in, imperdiet et, commodo vulputate, justo. In blandit ultrices enim. Lorem ipsum dolor sit amet, consectetuer adipiscing elit. Proin interdum mauris non ligula pellentesque ultrices. Phasellus id sapien in sapien iaculis congue. Vivamus metus arcu, adipiscing molestie, hendrerit at, vulputate vitae, nisl. Aenean lectus.', 2, '2021-05-20 00:00:00', NULL),
	(40, 'Khi Đôi Ta Gặp Nhau Trong Những Cơn Mưa Rào Đầu Tiên', 'Chạy Ngay Đi', 7, 'Duis at velit eu est congue elementum. In hac habitasse platea dictumst. Morbi vestibulum, velit id pretium iaculis, diam erat fermentum justo, nec condimentum neque sapien placerat ante. Nulla justo. Aliquam quis turpis eget elit sodales scelerisque.', 'Quisque erat eros, viverra eget, congue eget, semper rutrum, nulla.', 3, '2021-08-31 00:00:00', NULL),
	(41, 'Hãy Ghi Sâu Trong Tim', 'Người Lạ Ơi', 30, 'Donec vitae nisi. Nam ultrices, libero non mattis pulvinar, nulla pede ullamcorper augue, a suscipit nulla elit ac nulla. Sed vel enim sit amet nunc viverra dapibus. Nulla suscipit ligula in lacus. Curabitur at ipsum ac tellus semper interdum.', 'Nulla ut erat id mauris vulputate elementum. Nullam varius. Nulla facilisi. Cras non velit nec nisi vulputate nonummy.', 27, '2023-07-02 00:00:00', NULL),
	(42, 'Với Tình Yêu Và Niềm Tin', 'Đừng Ai Nhắc Về Anh Ấy', 3, 'Curabitur at ipsum ac tellus semper interdum. Mauris ullamcorper purus sit amet nulla. Quisque arcu libero, rutrum ac, lobortis vel, dapibus at, diam. Nam tristique tortor eu pede.', 'Donec vitae nisi. Nam ultrices, libero non mattis pulvinar, nulla pede ullamcorper augue, a suscipit nulla elit ac nulla. Sed vel enim sit amet nunc viverra dapibus. Nulla suscipit ligula in lacus. Curabitur at ipsum ac tellus semper interdum. Mauris ullamcorper purus sit amet nulla. Quisque arcu libero, rutrum ac, lobortis vel, dapibus at, diam. Nam tristique tortor eu pede.', 14, '2022-07-06 00:00:00', NULL),
	(43, 'Chúng Ta Sẽ Đạt Đến Đỉnh Cao Hạnh Phúc', 'Bạc Phận', 12, 'Sed sagittis. Nam congue, risus semper porta volutpat, quam pede lobortis ligula, sit amet eleifend pede libero quis orci. Nullam molestie nibh in lectus. Pellentesque at nulla. Suspendisse potenti. Cras in purus eu magna vulputate luctus.', 'Etiam faucibus cursus urna. Ut tellus. Nulla ut erat id mauris vulputate elementum. Nullam varius. Nulla facilisi. Cras non velit nec nisi vulputate nonummy. Maecenas tincidunt lacus at velit. Vivamus vel nulla eget eros elementum pellentesque. Quisque porta volutpat erat. Quisque erat eros, viverra eget, congue eget, semper rutrum, nulla.', 27, '2022-07-31 00:00:00', NULL),
	(44, 'Hạnh Phúc Thật Sự Rực Rỡ Khi Ta Đồng Hành Bên Nhau Trên Cuộc Sống', 'Bạc Phận', 1, 'Duis consequat dui nec nisi volutpat eleifend. Donec ut dolor. Morbi vel lectus in quam fringilla rhoncus. Mauris enim leo, rhoncus sed, vestibulum sit amet, cursus id, turpis. Integer aliquet, massa id lobortis convallis, tortor risus dapibus augue, vel accumsan tellus nisi eu orci. Mauris lacinia sapien quis libero. Nullam sit amet turpis elementum ligula vehicula consequat. Morbi a ipsum.', 'In sagittis dui vel nisl. Duis ac nibh.', 4, '2021-08-26 00:00:00', NULL),
	(45, 'Nắm Tay Nhau Đi Qua Mọi Chông Gai', 'Yêu Là Tha Thu', 20, 'Duis aliquam convallis nunc. Proin at turpis a pede posuere nonummy. Integer non velit. Donec diam neque, vestibulum eget, vulputate ut, ultrices vel, augue. Vestibulum ante ipsum primis in faucibus orci luctus et ultrices posuere cubilia Curae; Donec pharetra, magna vestibulum aliquet ultrices, erat tortor sollicitudin mi, sit amet lobortis sapien sapien non mi. Integer ac neque. Duis bibendum.', 'Nullam molestie nibh in lectus. Pellentesque at nulla. Suspendisse potenti. Cras in purus eu magna vulputate luctus.', 1, '2023-02-13 00:00:00', NULL),
	(46, 'Chúng Ta Sẽ Đạt Đến Đỉnh Cao Hạnh Phúc', 'Tháng Tư Là Lời Nói Dối Của Em', 19, 'Vivamus metus arcu, adipiscing molestie, hendrerit at, vulputate vitae, nisl. Aenean lectus. Pellentesque eget nunc. Donec quis orci eget orci vehicula condimentum.', 'Vestibulum rutrum rutrum neque. Aenean auctor gravida sem. Praesent id massa id nisl venenatis lacinia.', 44, '2022-04-07 00:00:00', NULL),
	(47, 'Hãy Cùng Nhau Xây Dựng Một Thế Giới Tình Yêu Bền Vững Và Hạnh Phúc', 'Sài Gòn Đau Lòng Quá', 22, 'Nulla justo. Aliquam quis turpis eget elit sodales scelerisque. Mauris sit amet eros. Suspendisse accumsan tortor quis turpis. Sed ante.', 'Donec ut mauris eget massa tempor convallis. Nulla neque libero, convallis eget, eleifend luctus, ultricies eu, nibh. Quisque id justo sit amet sapien dignissim vestibulum. Vestibulum ante ipsum primis in faucibus orci luctus et ultrices posuere cubilia Curae; Nulla dapibus dolor vel est. Donec odio justo, sollicitudin ut, suscipit a, feugiat et, eros. Vestibulum ac est lacinia nisi venenatis tristique.', 17, '2022-12-30 00:00:00', NULL),
	(48, 'Chúng Ta Tan Chảy Trong Những Nốt Nhạc Dịu Dàng', 'Một Bước Yêu Vạn Dặm Đau', 17, 'Nunc rhoncus dui vel sem. Sed sagittis. Nam congue, risus semper porta volutpat, quam pede lobortis ligula, sit amet eleifend pede libero quis orci. Nullam molestie nibh in lectus. Pellentesque at nulla. Suspendisse potenti. Cras in purus eu magna vulputate luctus. Cum sociis natoque penatibus et magnis dis parturient montes, nascetur ridiculus mus.', 'Aenean lectus.', 44, '2021-06-25 00:00:00', NULL),
	(49, 'Đến Một Trái Tim Đang Mong Chờ', 'Đừng Hỏi Em', 20, 'Morbi non lectus. Aliquam sit amet diam in magna bibendum imperdiet. Nullam orci pede, venenatis non, sodales sed, tincidunt eu, felis. Fusce posuere felis sed lacus.', 'Fusce congue, diam id ornare imperdiet, sapien urna pretium nisl, ut volutpat sapien arcu sed augue.', 16, '2021-02-15 00:00:00', NULL),
	(50, 'Hãy Cùng Nhau Xây Dựng Một Thế Giới Tình Yêu Bền Vững Và Hạnh Phúc', 'Chạy Ngay Đi', 3, 'Morbi non quam nec dui luctus rutrum. Nulla tellus. In sagittis dui vel nisl. Duis ac nibh. Fusce lacus purus, aliquet at, feugiat non, pretium quis, lectus. Suspendisse potenti. In eleifend quam a odio.', 'Donec semper sapien a libero. Nam dui. Proin leo odio, porttitor id, consequat in, consequat ut, nulla. Sed accumsan felis.', 26, '2022-02-02 00:00:00', NULL),
	(51, 'Vòng Tay Ấm Áp Của Em Là Nơi Anh Tìm Được Sự Bình Yên', 'Đi Để Trở Về', 30, 'Nulla facilisi. Cras non velit nec nisi vulputate nonummy. Maecenas tincidunt lacus at velit. Vivamus vel nulla eget eros elementum pellentesque. Quisque porta volutpat erat.', 'Morbi non quam nec dui luctus rutrum. Nulla tellus.', 49, '2021-05-17 00:00:00', NULL),
	(52, 'Những Kỷ Niệm Đẹp Nhất Trong Tình Yêu', 'Lạc Trôi', 25, 'In quis justo. Maecenas rhoncus aliquam lacus.', 'Vestibulum ante ipsum primis in faucibus orci luctus et ultrices posuere cubilia Curae; Duis faucibus accumsan odio. Curabitur convallis. Duis consequat dui nec nisi volutpat eleifend. Donec ut dolor. Morbi vel lectus in quam fringilla rhoncus. Mauris enim leo, rhoncus sed, vestibulum sit amet, cursus id, turpis. Integer aliquet, massa id lobortis convallis, tortor risus dapibus augue, vel accumsan tellus nisi eu orci. Mauris lacinia sapien quis libero.', 39, '2022-06-30 00:00:00', NULL),
	(53, 'Chúng Ta Sẽ Đạt Đến Đỉnh Cao Hạnh Phúc', 'Anh Nhà Ở Đâu Thế', 14, 'Fusce lacus purus, aliquet at, feugiat non, pretium quis, lectus. Suspendisse potenti. In eleifend quam a odio. In hac habitasse platea dictumst. Maecenas ut massa quis augue luctus tincidunt.', 'In quis justo. Maecenas rhoncus aliquam lacus. Morbi quis tortor id nulla ultrices aliquet.', 9, '2023-05-22 00:00:00', NULL),
	(54, 'Điều Kì Diệu Của Tình Yêu: Hành Trình Tìm Thấy Định Mệnh Trên Con Đường Đời', 'Tháng Tư Là Lời Nói Dối Của Em', 5, 'Integer tincidunt ante vel ipsum. Praesent blandit lacinia erat. Vestibulum sed magna at nunc commodo placerat. Praesent blandit. Nam nulla. Integer pede justo, lacinia eget, tincidunt eget, tempus vel, pede. Morbi porttitor lorem id ligula. Suspendisse ornare consequat lectus.', 'Vestibulum ac est lacinia nisi venenatis tristique. Fusce congue, diam id ornare imperdiet, sapien urna pretium nisl, ut volutpat sapien arcu sed augue. Aliquam erat volutpat. In congue. Etiam justo.', 26, '2020-11-14 00:00:00', NULL),
	(55, 'Với Tình Yêu Và Niềm Tin', 'Yêu Là Tha Thu', 24, 'Mauris sit amet eros. Suspendisse accumsan tortor quis turpis. Sed ante. Vivamus tortor. Duis mattis egestas metus. Aenean fermentum.', 'In est risus, auctor sed, tristique in, tempus sit amet, sem. Fusce consequat. Nulla nisl. Nunc nisl. Duis bibendum, felis sed interdum venenatis, turpis enim blandit mi, in porttitor pede justo eu massa. Donec dapibus. Duis at velit eu est congue elementum.', 24, '2021-01-08 00:00:00', NULL),
	(56, 'Chúng Ta Sẽ Chẳng Bao Giờ Rời Xa', 'Sóng Gió', 13, 'Lorem ipsum dolor sit amet, consectetuer adipiscing elit. Proin interdum mauris non ligula pellentesque ultrices. Phasellus id sapien in sapien iaculis congue. Vivamus metus arcu, adipiscing molestie, hendrerit at, vulputate vitae, nisl. Aenean lectus. Pellentesque eget nunc.', 'Fusce congue, diam id ornare imperdiet, sapien urna pretium nisl, ut volutpat sapien arcu sed augue. Aliquam erat volutpat. In congue. Etiam justo. Etiam pretium iaculis justo. In hac habitasse platea dictumst. Etiam faucibus cursus urna. Ut tellus. Nulla ut erat id mauris vulputate elementum.', 45, '2021-05-10 00:00:00', NULL),
	(57, 'Đến Một Trái Tim Đang Mong Chờ', 'Từng Yêu', 21, 'Aenean auctor gravida sem. Praesent id massa id nisl venenatis lacinia. Aenean sit amet justo. Morbi ut odio. Cras mi pede, malesuada in, imperdiet et, commodo vulputate, justo. In blandit ultrices enim. Lorem ipsum dolor sit amet, consectetuer adipiscing elit. Proin interdum mauris non ligula pellentesque ultrices.', 'Fusce posuere felis sed lacus. Morbi sem mauris, laoreet ut, rhoncus aliquet, pulvinar sed, nisl. Nunc rhoncus dui vel sem. Sed sagittis. Nam congue, risus semper porta volutpat, quam pede lobortis ligula, sit amet eleifend pede libero quis orci. Nullam molestie nibh in lectus. Pellentesque at nulla.', 16, '2023-03-02 00:00:00', NULL),
	(58, 'Hãy Ghi Sâu Trong Tim', 'Có Chắc Yêu Là Đây', 19, 'Curabitur gravida nisi at nibh. In hac habitasse platea dictumst. Aliquam augue quam, sollicitudin vitae, consectetuer eget, rutrum at, lorem. Integer tincidunt ante vel ipsum. Praesent blandit lacinia erat. Vestibulum sed magna at nunc commodo placerat. Praesent blandit.', 'Nulla tellus. In sagittis dui vel nisl. Duis ac nibh. Fusce lacus purus, aliquet at, feugiat non, pretium quis, lectus. Suspendisse potenti. In eleifend quam a odio. In hac habitasse platea dictumst. Maecenas ut massa quis augue luctus tincidunt. Nulla mollis molestie lorem.', 40, '2022-10-17 00:00:00', NULL),
	(59, 'Những Kỷ Niệm Ngọt Ngào Mà Chúng Ta Xây Dựng Bên Nhau', 'Anh Nhà Ở Đâu Thế', 26, 'Mauris sit amet eros. Suspendisse accumsan tortor quis turpis. Sed ante. Vivamus tortor. Duis mattis egestas metus. Aenean fermentum. Donec ut mauris eget massa tempor convallis.', 'Duis mattis egestas metus. Aenean fermentum. Donec ut mauris eget massa tempor convallis. Nulla neque libero, convallis eget, eleifend luctus, ultricies eu, nibh. Quisque id justo sit amet sapien dignissim vestibulum. Vestibulum ante ipsum primis in faucibus orci luctus et ultrices posuere cubilia Curae; Nulla dapibus dolor vel est. Donec odio justo, sollicitudin ut, suscipit a, feugiat et, eros.', 39, '2023-04-04 00:00:00', NULL),
	(60, 'Điều Kì Diệu Của Tình Yêu: Hành Trình Tìm Thấy Định Mệnh Trên Con Đường Đời', 'Người Lạ Ơi', 10, 'Maecenas tincidunt lacus at velit. Vivamus vel nulla eget eros elementum pellentesque. Quisque porta volutpat erat. Quisque erat eros, viverra eget, congue eget, semper rutrum, nulla. Nunc purus.', 'In eleifend quam a odio. In hac habitasse platea dictumst. Maecenas ut massa quis augue luctus tincidunt. Nulla mollis molestie lorem. Quisque ut erat. Curabitur gravida nisi at nibh.', 37, '2021-09-25 00:00:00', NULL),
	(61, 'Gửi Tình Yêu Thắm Thiết Nhất', 'Đừng Hỏi Em', 15, 'Donec odio justo, sollicitudin ut, suscipit a, feugiat et, eros. Vestibulum ac est lacinia nisi venenatis tristique. Fusce congue, diam id ornare imperdiet, sapien urna pretium nisl, ut volutpat sapien arcu sed augue. Aliquam erat volutpat. In congue. Etiam justo. Etiam pretium iaculis justo.', 'Donec semper sapien a libero. Nam dui. Proin leo odio, porttitor id, consequat in, consequat ut, nulla. Sed accumsan felis. Ut at dolor quis odio consequat varius. Integer ac leo. Pellentesque ultrices mattis odio.', 40, '2021-12-28 00:00:00', NULL),
	(62, 'Điều Kỳ Diệu Sẽ Xảy Ra Trên Đường Đời', 'Nơi Này Có Anh', 26, 'Morbi porttitor lorem id ligula. Suspendisse ornare consequat lectus. In est risus, auctor sed, tristique in, tempus sit amet, sem. Fusce consequat. Nulla nisl. Nunc nisl. Duis bibendum, felis sed interdum venenatis, turpis enim blandit mi, in porttitor pede justo eu massa. Donec dapibus. Duis at velit eu est congue elementum. In hac habitasse platea dictumst.', 'Fusce posuere felis sed lacus.', 31, '2021-03-26 00:00:00', NULL),
	(63, 'Chúng Ta Sẽ Chẳng Bao Giờ Rời Xa', 'Đừng Ai Nhắc Về Anh Ấy', 10, 'Nunc rhoncus dui vel sem. Sed sagittis. Nam congue, risus semper porta volutpat, quam pede lobortis ligula, sit amet eleifend pede libero quis orci.', 'Pellentesque ultrices mattis odio. Donec vitae nisi. Nam ultrices, libero non mattis pulvinar, nulla pede ullamcorper augue, a suscipit nulla elit ac nulla.', 10, '2023-05-17 00:00:00', NULL),
	(64, 'Chúng Ta Sẽ Chẳng Bao Giờ Rời Xa', 'Sài Gòn Đau Lòng Quá', 24, 'Nulla tempus. Vivamus in felis eu sapien cursus vestibulum. Proin eu mi. Nulla ac enim. In tempor, turpis nec euismod scelerisque, quam turpis adipiscing lorem, vitae mattis nibh ligula nec sem. Duis aliquam convallis nunc. Proin at turpis a pede posuere nonummy. Integer non velit. Donec diam neque, vestibulum eget, vulputate ut, ultrices vel, augue. Vestibulum ante ipsum primis in faucibus orci luctus et ultrices posuere cubilia Curae; Donec pharetra, magna vestibulum aliquet ultrices, erat tortor sollicitudin mi, sit amet lobortis sapien sapien non mi.', 'In congue. Etiam justo. Etiam pretium iaculis justo. In hac habitasse platea dictumst. Etiam faucibus cursus urna. Ut tellus. Nulla ut erat id mauris vulputate elementum. Nullam varius. Nulla facilisi. Cras non velit nec nisi vulputate nonummy.', 21, '2023-06-12 00:00:00', NULL),
	(65, 'Hạnh Phúc Thật Sự Rực Rỡ Khi Ta Đồng Hành Bên Nhau Trên Cuộc Sống', 'Em Gái Mưa', 27, 'Duis at velit eu est congue elementum. In hac habitasse platea dictumst.', 'Duis ac nibh. Fusce lacus purus, aliquet at, feugiat non, pretium quis, lectus. Suspendisse potenti. In eleifend quam a odio. In hac habitasse platea dictumst. Maecenas ut massa quis augue luctus tincidunt. Nulla mollis molestie lorem. Quisque ut erat.', 43, '2021-05-21 00:00:00', NULL),
	(66, 'Với Tình Yêu Và Niềm Tin', 'Đừng Hỏi Em', 21, 'Sed vel enim sit amet nunc viverra dapibus. Nulla suscipit ligula in lacus. Curabitur at ipsum ac tellus semper interdum. Mauris ullamcorper purus sit amet nulla. Quisque arcu libero, rutrum ac, lobortis vel, dapibus at, diam. Nam tristique tortor eu pede.', 'In hac habitasse platea dictumst. Etiam faucibus cursus urna. Ut tellus. Nulla ut erat id mauris vulputate elementum.', 41, '2022-07-06 00:00:00', NULL),
	(67, 'Những Kỷ Niệm Ngọt Ngào Mà Chúng Ta Xây Dựng Bên Nhau', 'Ước Gì', 18, 'Maecenas leo odio, condimentum id, luctus nec, molestie sed, justo. Pellentesque viverra pede ac diam. Cras pellentesque volutpat dui. Maecenas tristique, est et tempus semper, est quam pharetra magna, ac consequat metus sapien ut nunc. Vestibulum ante ipsum primis in faucibus orci luctus et ultrices posuere cubilia Curae; Mauris viverra diam vitae quam. Suspendisse potenti. Nullam porttitor lacus at turpis. Donec posuere metus vitae ipsum.', 'Morbi a ipsum. Integer a nibh. In quis justo. Maecenas rhoncus aliquam lacus. Morbi quis tortor id nulla ultrices aliquet. Maecenas leo odio, condimentum id, luctus nec, molestie sed, justo. Pellentesque viverra pede ac diam. Cras pellentesque volutpat dui. Maecenas tristique, est et tempus semper, est quam pharetra magna, ac consequat metus sapien ut nunc.', 2, '2021-11-13 00:00:00', NULL),
	(68, 'Nhưng Cũng Tràn Đầy Thử Thách', 'Nàng Thơ', 27, 'Integer tincidunt ante vel ipsum. Praesent blandit lacinia erat. Vestibulum sed magna at nunc commodo placerat. Praesent blandit. Nam nulla. Integer pede justo, lacinia eget, tincidunt eget, tempus vel, pede. Morbi porttitor lorem id ligula. Suspendisse ornare consequat lectus.', 'Morbi a ipsum. Integer a nibh.', 14, '2023-05-06 00:00:00', NULL),
	(69, 'Đến Một Trái Tim Đang Mong Chờ', 'Điều Anh Biết', 3, 'Cras non velit nec nisi vulputate nonummy. Maecenas tincidunt lacus at velit. Vivamus vel nulla eget eros elementum pellentesque. Quisque porta volutpat erat. Quisque erat eros, viverra eget, congue eget, semper rutrum, nulla. Nunc purus.', 'Nullam molestie nibh in lectus. Pellentesque at nulla. Suspendisse potenti. Cras in purus eu magna vulputate luctus. Cum sociis natoque penatibus et magnis dis parturient montes, nascetur ridiculus mus. Vivamus vestibulum sagittis sapien. Cum sociis natoque penatibus et magnis dis parturient montes, nascetur ridiculus mus. Etiam vel augue.', 8, '2021-10-17 00:00:00', NULL),
	(70, 'Đến Một Trái Tim Đang Mong Chờ', 'Nơi Này Có Anh', 18, 'In est risus, auctor sed, tristique in, tempus sit amet, sem. Fusce consequat. Nulla nisl. Nunc nisl. Duis bibendum, felis sed interdum venenatis, turpis enim blandit mi, in porttitor pede justo eu massa. Donec dapibus. Duis at velit eu est congue elementum.', 'Nullam porttitor lacus at turpis. Donec posuere metus vitae ipsum. Aliquam non mauris. Morbi non lectus. Aliquam sit amet diam in magna bibendum imperdiet. Nullam orci pede, venenatis non, sodales sed, tincidunt eu, felis. Fusce posuere felis sed lacus. Morbi sem mauris, laoreet ut, rhoncus aliquet, pulvinar sed, nisl. Nunc rhoncus dui vel sem. Sed sagittis.', 9, '2021-05-23 00:00:00', NULL),
	(71, 'Với Tình Yêu Và Niềm Tin', 'Mây Trắng', 26, 'Donec vitae nisi. Nam ultrices, libero non mattis pulvinar, nulla pede ullamcorper augue, a suscipit nulla elit ac nulla. Sed vel enim sit amet nunc viverra dapibus. Nulla suscipit ligula in lacus. Curabitur at ipsum ac tellus semper interdum. Mauris ullamcorper purus sit amet nulla. Quisque arcu libero, rutrum ac, lobortis vel, dapibus at, diam. Nam tristique tortor eu pede.', 'Suspendisse potenti.', 11, '2021-07-09 00:00:00', NULL),
	(72, 'Đắm Say Trong Không Gian Âm Nhạc', 'Yêu 5', 13, 'Lorem ipsum dolor sit amet, consectetuer adipiscing elit. Proin interdum mauris non ligula pellentesque ultrices. Phasellus id sapien in sapien iaculis congue. Vivamus metus arcu, adipiscing molestie, hendrerit at, vulputate vitae, nisl. Aenean lectus. Pellentesque eget nunc. Donec quis orci eget orci vehicula condimentum.', 'Fusce consequat. Nulla nisl. Nunc nisl. Duis bibendum, felis sed interdum venenatis, turpis enim blandit mi, in porttitor pede justo eu massa. Donec dapibus. Duis at velit eu est congue elementum. In hac habitasse platea dictumst. Morbi vestibulum, velit id pretium iaculis, diam erat fermentum justo, nec condimentum neque sapien placerat ante. Nulla justo.', 11, '2021-04-05 00:00:00', NULL),
	(73, 'Vòng Tay Ấm Áp Của Em Là Nơi Anh Tìm Được Sự Bình Yên', 'Nàng Thơ', 2, 'Pellentesque viverra pede ac diam. Cras pellentesque volutpat dui. Maecenas tristique, est et tempus semper, est quam pharetra magna, ac consequat metus sapien ut nunc. Vestibulum ante ipsum primis in faucibus orci luctus et ultrices posuere cubilia Curae; Mauris viverra diam vitae quam. Suspendisse potenti.', 'Vivamus vestibulum sagittis sapien. Cum sociis natoque penatibus et magnis dis parturient montes, nascetur ridiculus mus.', 13, '2022-09-06 00:00:00', NULL),
	(74, 'Điều Kì Diệu Của Tình Yêu: Hành Trình Tìm Thấy Định Mệnh Trên Con Đường Đời', 'Từng Yêu', 27, 'Praesent blandit lacinia erat. Vestibulum sed magna at nunc commodo placerat. Praesent blandit. Nam nulla. Integer pede justo, lacinia eget, tincidunt eget, tempus vel, pede. Morbi porttitor lorem id ligula. Suspendisse ornare consequat lectus.', 'Nam dui. Proin leo odio, porttitor id, consequat in, consequat ut, nulla.', 31, '2023-07-19 00:00:00', NULL),
	(75, 'Vòng Tay Ấm Áp Của Em Là Nơi Anh Tìm Được Sự Bình Yên', 'Có Chắc Yêu Là Đây', 12, 'Maecenas rhoncus aliquam lacus. Morbi quis tortor id nulla ultrices aliquet. Maecenas leo odio, condimentum id, luctus nec, molestie sed, justo. Pellentesque viverra pede ac diam. Cras pellentesque volutpat dui. Maecenas tristique, est et tempus semper, est quam pharetra magna, ac consequat metus sapien ut nunc. Vestibulum ante ipsum primis in faucibus orci luctus et ultrices posuere cubilia Curae; Mauris viverra diam vitae quam. Suspendisse potenti. Nullam porttitor lacus at turpis.', 'Quisque erat eros, viverra eget, congue eget, semper rutrum, nulla. Nunc purus. Phasellus in felis. Donec semper sapien a libero. Nam dui. Proin leo odio, porttitor id, consequat in, consequat ut, nulla. Sed accumsan felis.', 3, '2021-08-26 00:00:00', NULL),
	(76, 'Bước Đến Hạnh Phúc', 'Anh Nhà Ở Đâu Thế', 16, 'Pellentesque ultrices mattis odio. Donec vitae nisi. Nam ultrices, libero non mattis pulvinar, nulla pede ullamcorper augue, a suscipit nulla elit ac nulla. Sed vel enim sit amet nunc viverra dapibus. Nulla suscipit ligula in lacus. Curabitur at ipsum ac tellus semper interdum. Mauris ullamcorper purus sit amet nulla. Quisque arcu libero, rutrum ac, lobortis vel, dapibus at, diam. Nam tristique tortor eu pede.', 'Praesent id massa id nisl venenatis lacinia. Aenean sit amet justo. Morbi ut odio. Cras mi pede, malesuada in, imperdiet et, commodo vulputate, justo. In blandit ultrices enim. Lorem ipsum dolor sit amet, consectetuer adipiscing elit. Proin interdum mauris non ligula pellentesque ultrices. Phasellus id sapien in sapien iaculis congue.', 11, '2021-05-12 00:00:00', NULL),
	(77, 'Gửi Tình Yêu Thắm Thiết Nhất', 'Có Chắc Yêu Là Đây', 26, 'Mauris lacinia sapien quis libero. Nullam sit amet turpis elementum ligula vehicula consequat. Morbi a ipsum. Integer a nibh. In quis justo. Maecenas rhoncus aliquam lacus. Morbi quis tortor id nulla ultrices aliquet.', 'Mauris sit amet eros. Suspendisse accumsan tortor quis turpis.', 28, '2023-01-27 00:00:00', NULL),
	(78, 'Hãy Cùng Nhau Xây Dựng Một Thế Giới Tình Yêu Bền Vững Và Hạnh Phúc', 'Chúng Ta Không Thuộc Về Nhau', 16, 'Nulla ut erat id mauris vulputate elementum. Nullam varius. Nulla facilisi. Cras non velit nec nisi vulputate nonummy.', 'Donec odio justo, sollicitudin ut, suscipit a, feugiat et, eros.', 17, '2023-08-01 00:00:00', NULL),
	(79, 'Điều Kỳ Diệu Sẽ Xảy Ra Trên Đường Đời', 'Một Đêm Say', 20, 'Pellentesque eget nunc. Donec quis orci eget orci vehicula condimentum. Curabitur in libero ut massa volutpat convallis. Morbi odio odio, elementum eu, interdum eu, tincidunt in, leo. Maecenas pulvinar lobortis est. Phasellus sit amet erat. Nulla tempus.', 'Morbi non lectus. Aliquam sit amet diam in magna bibendum imperdiet. Nullam orci pede, venenatis non, sodales sed, tincidunt eu, felis. Fusce posuere felis sed lacus. Morbi sem mauris, laoreet ut, rhoncus aliquet, pulvinar sed, nisl. Nunc rhoncus dui vel sem.', 49, '2020-11-06 00:00:00', NULL),
	(80, 'Chúng Ta Sẽ Đạt Đến Đỉnh Cao Hạnh Phúc', 'Anh Nhà Ở Đâu Thế', 12, 'Integer ac neque. Duis bibendum. Morbi non quam nec dui luctus rutrum. Nulla tellus. In sagittis dui vel nisl. Duis ac nibh. Fusce lacus purus, aliquet at, feugiat non, pretium quis, lectus.', 'Fusce consequat.', 27, '2023-01-24 00:00:00', NULL),
	(81, 'Giữ Chặt Tình Yêu', 'Để Mỵ Nói Cho Mà Nghe', 27, 'Cras pellentesque volutpat dui. Maecenas tristique, est et tempus semper, est quam pharetra magna, ac consequat metus sapien ut nunc. Vestibulum ante ipsum primis in faucibus orci luctus et ultrices posuere cubilia Curae; Mauris viverra diam vitae quam. Suspendisse potenti. Nullam porttitor lacus at turpis. Donec posuere metus vitae ipsum. Aliquam non mauris. Morbi non lectus.', 'Maecenas leo odio, condimentum id, luctus nec, molestie sed, justo. Pellentesque viverra pede ac diam.', 47, '2020-11-17 00:00:00', NULL),
	(82, 'Đắm Say Trong Không Gian Âm Nhạc', 'Sóng Gió', 9, 'Nulla tellus. In sagittis dui vel nisl. Duis ac nibh. Fusce lacus purus, aliquet at, feugiat non, pretium quis, lectus. Suspendisse potenti. In eleifend quam a odio. In hac habitasse platea dictumst. Maecenas ut massa quis augue luctus tincidunt.', 'Vestibulum ac est lacinia nisi venenatis tristique. Fusce congue, diam id ornare imperdiet, sapien urna pretium nisl, ut volutpat sapien arcu sed augue. Aliquam erat volutpat. In congue. Etiam justo. Etiam pretium iaculis justo.', 6, '2021-11-04 00:00:00', NULL),
	(83, 'Vòng Tay Ấm Áp Của Em Là Nơi Anh Tìm Được Sự Bình Yên', 'Mây Trắng', 6, 'Vivamus in felis eu sapien cursus vestibulum. Proin eu mi. Nulla ac enim. In tempor, turpis nec euismod scelerisque, quam turpis adipiscing lorem, vitae mattis nibh ligula nec sem. Duis aliquam convallis nunc. Proin at turpis a pede posuere nonummy. Integer non velit. Donec diam neque, vestibulum eget, vulputate ut, ultrices vel, augue. Vestibulum ante ipsum primis in faucibus orci luctus et ultrices posuere cubilia Curae; Donec pharetra, magna vestibulum aliquet ultrices, erat tortor sollicitudin mi, sit amet lobortis sapien sapien non mi.', 'Aenean auctor gravida sem. Praesent id massa id nisl venenatis lacinia. Aenean sit amet justo.', 7, '2021-01-17 00:00:00', NULL),
	(84, 'Những Kỷ Niệm Đẹp Nhất Trong Tình Yêu', 'Có Ai Thương Em Như Anh', 10, 'Nam nulla. Integer pede justo, lacinia eget, tincidunt eget, tempus vel, pede. Morbi porttitor lorem id ligula. Suspendisse ornare consequat lectus.', 'Duis mattis egestas metus. Aenean fermentum. Donec ut mauris eget massa tempor convallis. Nulla neque libero, convallis eget, eleifend luctus, ultricies eu, nibh. Quisque id justo sit amet sapien dignissim vestibulum. Vestibulum ante ipsum primis in faucibus orci luctus et ultrices posuere cubilia Curae; Nulla dapibus dolor vel est. Donec odio justo, sollicitudin ut, suscipit a, feugiat et, eros. Vestibulum ac est lacinia nisi venenatis tristique. Fusce congue, diam id ornare imperdiet, sapien urna pretium nisl, ut volutpat sapien arcu sed augue. Aliquam erat volutpat.', 15, '2023-06-28 00:00:00', NULL),
	(85, 'Chúng Ta Sẽ Đạt Đến Đỉnh Cao Hạnh Phúc', 'Đi Để Trở Về', 11, 'Maecenas ut massa quis augue luctus tincidunt.', 'Etiam justo. Etiam pretium iaculis justo. In hac habitasse platea dictumst. Etiam faucibus cursus urna. Ut tellus. Nulla ut erat id mauris vulputate elementum.', 6, '2023-06-30 00:00:00', NULL),
	(86, 'Điều Kì Diệu Của Tình Yêu: Hành Trình Tìm Thấy Định Mệnh Trên Con Đường Đời', 'Hồng Nhan', 15, 'Proin eu mi. Nulla ac enim.', 'Donec ut dolor. Morbi vel lectus in quam fringilla rhoncus. Mauris enim leo, rhoncus sed, vestibulum sit amet, cursus id, turpis. Integer aliquet, massa id lobortis convallis, tortor risus dapibus augue, vel accumsan tellus nisi eu orci.', 18, '2022-03-19 00:00:00', NULL),
	(87, 'Hãy Cùng Nhau Xây Dựng Một Thế Giới Tình Yêu Bền Vững Và Hạnh Phúc', 'Tháng Tư Là Lời Nói Dối Của Em', 4, 'Maecenas ut massa quis augue luctus tincidunt. Nulla mollis molestie lorem. Quisque ut erat. Curabitur gravida nisi at nibh. In hac habitasse platea dictumst. Aliquam augue quam, sollicitudin vitae, consectetuer eget, rutrum at, lorem. Integer tincidunt ante vel ipsum. Praesent blandit lacinia erat.', 'Mauris sit amet eros. Suspendisse accumsan tortor quis turpis. Sed ante. Vivamus tortor. Duis mattis egestas metus.', 47, '2023-01-19 00:00:00', NULL),
	(88, 'Nắm Tay Nhau Đi Qua Mọi Chông Gai', 'Để Mỵ Nói Cho Mà Nghe', 28, 'Sed accumsan felis. Ut at dolor quis odio consequat varius. Integer ac leo. Pellentesque ultrices mattis odio.', 'Etiam vel augue. Vestibulum rutrum rutrum neque. Aenean auctor gravida sem. Praesent id massa id nisl venenatis lacinia. Aenean sit amet justo. Morbi ut odio. Cras mi pede, malesuada in, imperdiet et, commodo vulputate, justo. In blandit ultrices enim. Lorem ipsum dolor sit amet, consectetuer adipiscing elit.', 48, '2021-09-23 00:00:00', NULL),
	(89, 'Nắm Tay Nhau Đi Qua Mọi Chông Gai', 'Yêu Là Tha Thu', 16, 'Donec diam neque, vestibulum eget, vulputate ut, ultrices vel, augue. Vestibulum ante ipsum primis in faucibus orci luctus et ultrices posuere cubilia Curae; Donec pharetra, magna vestibulum aliquet ultrices, erat tortor sollicitudin mi, sit amet lobortis sapien sapien non mi. Integer ac neque.', 'Donec odio justo, sollicitudin ut, suscipit a, feugiat et, eros. Vestibulum ac est lacinia nisi venenatis tristique. Fusce congue, diam id ornare imperdiet, sapien urna pretium nisl, ut volutpat sapien arcu sed augue.', 26, '2022-10-24 00:00:00', NULL),
	(90, 'Điều Kỳ Diệu Của Tình Yêu Sẽ Mở Ra', 'Cùng Anh', 21, 'Phasellus sit amet erat. Nulla tempus. Vivamus in felis eu sapien cursus vestibulum. Proin eu mi.', 'Vivamus vestibulum sagittis sapien.', 27, '2022-05-08 00:00:00', NULL),
	(91, 'Bước Đến Hạnh Phúc', 'Hồng Nhan', 29, 'Integer pede justo, lacinia eget, tincidunt eget, tempus vel, pede. Morbi porttitor lorem id ligula. Suspendisse ornare consequat lectus. In est risus, auctor sed, tristique in, tempus sit amet, sem. Fusce consequat. Nulla nisl. Nunc nisl.', 'Sed sagittis. Nam congue, risus semper porta volutpat, quam pede lobortis ligula, sit amet eleifend pede libero quis orci. Nullam molestie nibh in lectus. Pellentesque at nulla.', 46, '2021-11-10 00:00:00', NULL),
	(92, 'Đến Một Trái Tim Đang Mong Chờ', 'Lạc Trôi', 17, 'Etiam justo. Etiam pretium iaculis justo. In hac habitasse platea dictumst. Etiam faucibus cursus urna.', 'Duis aliquam convallis nunc.', 30, '2023-05-11 00:00:00', NULL),
	(93, 'Chúng Ta Tan Chảy Trong Những Nốt Nhạc Dịu Dàng', 'Nơi Này Có Anh', 23, 'Etiam faucibus cursus urna. Ut tellus. Nulla ut erat id mauris vulputate elementum. Nullam varius.', 'Donec quis orci eget orci vehicula condimentum. Curabitur in libero ut massa volutpat convallis. Morbi odio odio, elementum eu, interdum eu, tincidunt in, leo.', 4, '2023-01-10 00:00:00', NULL),
	(94, 'Chúng Ta Sẽ Chẳng Bao Giờ Rời Xa', 'Buồn Của Anh', 19, 'Duis bibendum. Morbi non quam nec dui luctus rutrum. Nulla tellus. In sagittis dui vel nisl. Duis ac nibh. Fusce lacus purus, aliquet at, feugiat non, pretium quis, lectus. Suspendisse potenti.', 'Vivamus vestibulum sagittis sapien. Cum sociis natoque penatibus et magnis dis parturient montes, nascetur ridiculus mus. Etiam vel augue. Vestibulum rutrum rutrum neque. Aenean auctor gravida sem.', 42, '2023-06-22 00:00:00', NULL),
	(95, 'Hãy Cùng Nhau Xây Dựng Một Thế Giới Tình Yêu Bền Vững Và Hạnh Phúc', 'Hồng Nhan', 1, 'Vestibulum rutrum rutrum neque. Aenean auctor gravida sem. Praesent id massa id nisl venenatis lacinia. Aenean sit amet justo. Morbi ut odio. Cras mi pede, malesuada in, imperdiet et, commodo vulputate, justo. In blandit ultrices enim. Lorem ipsum dolor sit amet, consectetuer adipiscing elit.', 'Maecenas ut massa quis augue luctus tincidunt. Nulla mollis molestie lorem. Quisque ut erat. Curabitur gravida nisi at nibh. In hac habitasse platea dictumst. Aliquam augue quam, sollicitudin vitae, consectetuer eget, rutrum at, lorem. Integer tincidunt ante vel ipsum. Praesent blandit lacinia erat. Vestibulum sed magna at nunc commodo placerat. Praesent blandit.', 13, '2023-03-27 00:00:00', NULL),
	(96, 'Khi Đôi Ta Gặp Nhau Trong Những Cơn Mưa Rào Đầu Tiên', 'Buồn Của Anh', 24, 'Sed sagittis. Nam congue, risus semper porta volutpat, quam pede lobortis ligula, sit amet eleifend pede libero quis orci. Nullam molestie nibh in lectus. Pellentesque at nulla. Suspendisse potenti. Cras in purus eu magna vulputate luctus. Cum sociis natoque penatibus et magnis dis parturient montes, nascetur ridiculus mus. Vivamus vestibulum sagittis sapien. Cum sociis natoque penatibus et magnis dis parturient montes, nascetur ridiculus mus.', 'Vestibulum ante ipsum primis in faucibus orci luctus et ultrices posuere cubilia Curae; Duis faucibus accumsan odio. Curabitur convallis. Duis consequat dui nec nisi volutpat eleifend. Donec ut dolor.', 32, '2020-11-06 00:00:00', NULL),
	(97, 'Hãy Ghi Sâu Trong Tim', 'Người Lạ Ơi', 20, 'Cras mi pede, malesuada in, imperdiet et, commodo vulputate, justo. In blandit ultrices enim. Lorem ipsum dolor sit amet, consectetuer adipiscing elit. Proin interdum mauris non ligula pellentesque ultrices. Phasellus id sapien in sapien iaculis congue. Vivamus metus arcu, adipiscing molestie, hendrerit at, vulputate vitae, nisl. Aenean lectus. Pellentesque eget nunc.', 'Morbi sem mauris, laoreet ut, rhoncus aliquet, pulvinar sed, nisl.', 40, '2022-10-23 00:00:00', NULL),
	(98, 'Khi Đôi Ta Gặp Nhau Trong Những Cơn Mưa Rào Đầu Tiên', 'Để Mỵ Nói Cho Mà Nghe', 23, 'Nulla mollis molestie lorem. Quisque ut erat. Curabitur gravida nisi at nibh. In hac habitasse platea dictumst. Aliquam augue quam, sollicitudin vitae, consectetuer eget, rutrum at, lorem. Integer tincidunt ante vel ipsum. Praesent blandit lacinia erat.', 'Etiam vel augue. Vestibulum rutrum rutrum neque. Aenean auctor gravida sem. Praesent id massa id nisl venenatis lacinia. Aenean sit amet justo. Morbi ut odio. Cras mi pede, malesuada in, imperdiet et, commodo vulputate, justo. In blandit ultrices enim. Lorem ipsum dolor sit amet, consectetuer adipiscing elit. Proin interdum mauris non ligula pellentesque ultrices.', 27, '2022-12-23 00:00:00', NULL),
	(99, 'Chúng Ta Sẽ Chẳng Bao Giờ Rời Xa', 'Buồn Của Anh', 4, 'Nulla justo. Aliquam quis turpis eget elit sodales scelerisque.', 'Phasellus sit amet erat. Nulla tempus. Vivamus in felis eu sapien cursus vestibulum. Proin eu mi. Nulla ac enim. In tempor, turpis nec euismod scelerisque, quam turpis adipiscing lorem, vitae mattis nibh ligula nec sem. Duis aliquam convallis nunc.', 49, '2020-12-22 00:00:00', NULL),
	(100, 'Hãy Ghi Sâu Trong Tim', 'Đi Để Trở Về', 2, 'Integer aliquet, massa id lobortis convallis, tortor risus dapibus augue, vel accumsan tellus nisi eu orci. Mauris lacinia sapien quis libero. Nullam sit amet turpis elementum ligula vehicula consequat. Morbi a ipsum. Integer a nibh. In quis justo. Maecenas rhoncus aliquam lacus. Morbi quis tortor id nulla ultrices aliquet. Maecenas leo odio, condimentum id, luctus nec, molestie sed, justo. Pellentesque viverra pede ac diam.', 'Aenean auctor gravida sem. Praesent id massa id nisl venenatis lacinia. Aenean sit amet justo. Morbi ut odio. Cras mi pede, malesuada in, imperdiet et, commodo vulputate, justo. In blandit ultrices enim. Lorem ipsum dolor sit amet, consectetuer adipiscing elit. Proin interdum mauris non ligula pellentesque ultrices. Phasellus id sapien in sapien iaculis congue.', 13, '2023-04-20 00:00:00', NULL),
	(101, 'Giữ Chặt Tình Yêu', 'Yêu Là Tha Thu', 2, 'Quisque id justo sit amet sapien dignissim vestibulum. Vestibulum ante ipsum primis in faucibus orci luctus et ultrices posuere cubilia Curae; Nulla dapibus dolor vel est. Donec odio justo, sollicitudin ut, suscipit a, feugiat et, eros. Vestibulum ac est lacinia nisi venenatis tristique.', 'In quis justo. Maecenas rhoncus aliquam lacus. Morbi quis tortor id nulla ultrices aliquet. Maecenas leo odio, condimentum id, luctus nec, molestie sed, justo. Pellentesque viverra pede ac diam. Cras pellentesque volutpat dui. Maecenas tristique, est et tempus semper, est quam pharetra magna, ac consequat metus sapien ut nunc.', 19, '2021-03-18 00:00:00', NULL),
	(102, 'Hạnh Phúc Thật Sự Rực Rỡ Khi Ta Đồng Hành Bên Nhau Trên Cuộc Sống', 'Đừng Ai Nhắc Về Anh Ấy', 22, 'Praesent blandit lacinia erat. Vestibulum sed magna at nunc commodo placerat. Praesent blandit. Nam nulla. Integer pede justo, lacinia eget, tincidunt eget, tempus vel, pede. Morbi porttitor lorem id ligula. Suspendisse ornare consequat lectus. In est risus, auctor sed, tristique in, tempus sit amet, sem. Fusce consequat. Nulla nisl.', 'Aliquam quis turpis eget elit sodales scelerisque. Mauris sit amet eros. Suspendisse accumsan tortor quis turpis. Sed ante. Vivamus tortor. Duis mattis egestas metus. Aenean fermentum.', 13, '2023-02-22 00:00:00', NULL),
	(103, 'Khi Đôi Ta Gặp Nhau Trong Những Cơn Mưa Rào Đầu Tiên', 'Điều Anh Biết', 17, 'Proin eu mi. Nulla ac enim. In tempor, turpis nec euismod scelerisque, quam turpis adipiscing lorem, vitae mattis nibh ligula nec sem. Duis aliquam convallis nunc. Proin at turpis a pede posuere nonummy. Integer non velit. Donec diam neque, vestibulum eget, vulputate ut, ultrices vel, augue. Vestibulum ante ipsum primis in faucibus orci luctus et ultrices posuere cubilia Curae; Donec pharetra, magna vestibulum aliquet ultrices, erat tortor sollicitudin mi, sit amet lobortis sapien sapien non mi.', 'Sed accumsan felis.', 42, '2022-09-02 00:00:00', NULL),
	(104, 'Tình Yêu Là Một Câu Chuyện Dài Đẹp', 'Bạc Phận', 5, 'Etiam vel augue. Vestibulum rutrum rutrum neque. Aenean auctor gravida sem. Praesent id massa id nisl venenatis lacinia. Aenean sit amet justo. Morbi ut odio. Cras mi pede, malesuada in, imperdiet et, commodo vulputate, justo. In blandit ultrices enim. Lorem ipsum dolor sit amet, consectetuer adipiscing elit.', 'Suspendisse potenti. Nullam porttitor lacus at turpis. Donec posuere metus vitae ipsum. Aliquam non mauris. Morbi non lectus. Aliquam sit amet diam in magna bibendum imperdiet. Nullam orci pede, venenatis non, sodales sed, tincidunt eu, felis. Fusce posuere felis sed lacus. Morbi sem mauris, laoreet ut, rhoncus aliquet, pulvinar sed, nisl. Nunc rhoncus dui vel sem.', 21, '2021-03-26 00:00:00', NULL),
	(105, 'Đắm Say Trong Không Gian Âm Nhạc', 'Điều Anh Sợ Nhất', 11, 'Morbi vel lectus in quam fringilla rhoncus. Mauris enim leo, rhoncus sed, vestibulum sit amet, cursus id, turpis.', 'Aliquam quis turpis eget elit sodales scelerisque. Mauris sit amet eros. Suspendisse accumsan tortor quis turpis. Sed ante. Vivamus tortor. Duis mattis egestas metus. Aenean fermentum. Donec ut mauris eget massa tempor convallis.', 30, '2020-12-09 00:00:00', NULL),
	(106, 'Giữ Chặt Tình Yêu', 'Sài Gòn Đau Lòng Quá', 12, 'Ut tellus. Nulla ut erat id mauris vulputate elementum. Nullam varius. Nulla facilisi. Cras non velit nec nisi vulputate nonummy. Maecenas tincidunt lacus at velit.', 'Aliquam erat volutpat. In congue. Etiam justo. Etiam pretium iaculis justo. In hac habitasse platea dictumst. Etiam faucibus cursus urna. Ut tellus. Nulla ut erat id mauris vulputate elementum.', 46, '2020-12-06 00:00:00', NULL),
	(107, 'Với Tình Yêu Và Niềm Tin', 'Sài Gòn Đau Lòng Quá', 9, 'Quisque porta volutpat erat. Quisque erat eros, viverra eget, congue eget, semper rutrum, nulla. Nunc purus. Phasellus in felis. Donec semper sapien a libero. Nam dui. Proin leo odio, porttitor id, consequat in, consequat ut, nulla. Sed accumsan felis. Ut at dolor quis odio consequat varius.', 'Etiam faucibus cursus urna. Ut tellus. Nulla ut erat id mauris vulputate elementum. Nullam varius.', 40, '2021-08-05 00:00:00', NULL),
	(108, 'Những Kỷ Niệm Ngọt Ngào Mà Chúng Ta Xây Dựng Bên Nhau', 'Xin Đừng Lặng Im', 1, 'Cum sociis natoque penatibus et magnis dis parturient montes, nascetur ridiculus mus. Etiam vel augue.', 'Curabitur in libero ut massa volutpat convallis. Morbi odio odio, elementum eu, interdum eu, tincidunt in, leo. Maecenas pulvinar lobortis est. Phasellus sit amet erat. Nulla tempus. Vivamus in felis eu sapien cursus vestibulum. Proin eu mi. Nulla ac enim. In tempor, turpis nec euismod scelerisque, quam turpis adipiscing lorem, vitae mattis nibh ligula nec sem.', 9, '2022-12-18 00:00:00', NULL),
	(109, 'Điều Kỳ Diệu Sẽ Xảy Ra Trên Đường Đời', 'Người Lạ Ơi', 30, 'Praesent blandit. Nam nulla. Integer pede justo, lacinia eget, tincidunt eget, tempus vel, pede. Morbi porttitor lorem id ligula. Suspendisse ornare consequat lectus. In est risus, auctor sed, tristique in, tempus sit amet, sem. Fusce consequat.', 'In eleifend quam a odio. In hac habitasse platea dictumst.', 48, '2022-06-03 00:00:00', NULL),
	(110, 'Nhưng Cũng Tràn Đầy Thử Thách', 'Hồng Nhan', 9, 'Donec dapibus. Duis at velit eu est congue elementum. In hac habitasse platea dictumst. Morbi vestibulum, velit id pretium iaculis, diam erat fermentum justo, nec condimentum neque sapien placerat ante. Nulla justo. Aliquam quis turpis eget elit sodales scelerisque.', 'Fusce consequat. Nulla nisl.', 14, '2021-05-07 00:00:00', NULL),
	(111, 'Điều Kì Diệu Của Tình Yêu: Hành Trình Tìm Thấy Định Mệnh Trên Con Đường Đời', 'Điều Anh Sợ Nhất', 6, 'Morbi non quam nec dui luctus rutrum.', 'Nunc nisl. Duis bibendum, felis sed interdum venenatis, turpis enim blandit mi, in porttitor pede justo eu massa. Donec dapibus. Duis at velit eu est congue elementum. In hac habitasse platea dictumst. Morbi vestibulum, velit id pretium iaculis, diam erat fermentum justo, nec condimentum neque sapien placerat ante.', 6, '2020-11-11 00:00:00', NULL),
	(112, 'Tình Yêu Là Một Câu Chuyện Dài Đẹp', 'Điều Anh Biết', 26, 'In est risus, auctor sed, tristique in, tempus sit amet, sem. Fusce consequat. Nulla nisl. Nunc nisl.', 'Quisque porta volutpat erat. Quisque erat eros, viverra eget, congue eget, semper rutrum, nulla. Nunc purus. Phasellus in felis. Donec semper sapien a libero. Nam dui. Proin leo odio, porttitor id, consequat in, consequat ut, nulla. Sed accumsan felis.', 26, '2023-08-18 00:00:00', NULL),
	(113, 'Tình Yêu Là Một Câu Chuyện Dài Đẹp', 'Cánh Hồng Phai', 20, 'Duis at velit eu est congue elementum. In hac habitasse platea dictumst. Morbi vestibulum, velit id pretium iaculis, diam erat fermentum justo, nec condimentum neque sapien placerat ante. Nulla justo. Aliquam quis turpis eget elit sodales scelerisque. Mauris sit amet eros. Suspendisse accumsan tortor quis turpis. Sed ante. Vivamus tortor. Duis mattis egestas metus.', 'Curabitur in libero ut massa volutpat convallis. Morbi odio odio, elementum eu, interdum eu, tincidunt in, leo. Maecenas pulvinar lobortis est. Phasellus sit amet erat. Nulla tempus. Vivamus in felis eu sapien cursus vestibulum. Proin eu mi.', 32, '2021-10-07 00:00:00', NULL),
	(114, 'Khi Đôi Ta Gặp Nhau Trong Những Cơn Mưa Rào Đầu Tiên', 'Mây Trắng', 27, 'Maecenas tincidunt lacus at velit. Vivamus vel nulla eget eros elementum pellentesque. Quisque porta volutpat erat. Quisque erat eros, viverra eget, congue eget, semper rutrum, nulla. Nunc purus. Phasellus in felis. Donec semper sapien a libero. Nam dui. Proin leo odio, porttitor id, consequat in, consequat ut, nulla.', 'Cum sociis natoque penatibus et magnis dis parturient montes, nascetur ridiculus mus. Vivamus vestibulum sagittis sapien. Cum sociis natoque penatibus et magnis dis parturient montes, nascetur ridiculus mus. Etiam vel augue. Vestibulum rutrum rutrum neque.', 47, '2023-08-17 00:00:00', NULL),
	(115, 'Khi Đôi Ta Gặp Nhau Trong Những Cơn Mưa Rào Đầu Tiên', 'Một Bước Yêu Vạn Dặm Đau', 7, 'Ut tellus. Nulla ut erat id mauris vulputate elementum. Nullam varius. Nulla facilisi. Cras non velit nec nisi vulputate nonummy. Maecenas tincidunt lacus at velit. Vivamus vel nulla eget eros elementum pellentesque.', 'Suspendisse potenti. Nullam porttitor lacus at turpis. Donec posuere metus vitae ipsum. Aliquam non mauris. Morbi non lectus. Aliquam sit amet diam in magna bibendum imperdiet. Nullam orci pede, venenatis non, sodales sed, tincidunt eu, felis. Fusce posuere felis sed lacus. Morbi sem mauris, laoreet ut, rhoncus aliquet, pulvinar sed, nisl. Nunc rhoncus dui vel sem.', 20, '2023-08-10 00:00:00', NULL),
	(116, 'Với Tình Yêu Và Niềm Tin', 'Để Mỵ Nói Cho Mà Nghe', 4, 'Nullam orci pede, venenatis non, sodales sed, tincidunt eu, felis. Fusce posuere felis sed lacus. Morbi sem mauris, laoreet ut, rhoncus aliquet, pulvinar sed, nisl. Nunc rhoncus dui vel sem.', 'Lorem ipsum dolor sit amet, consectetuer adipiscing elit. Proin risus. Praesent lectus. Vestibulum quam sapien, varius ut, blandit non, interdum in, ante. Vestibulum ante ipsum primis in faucibus orci luctus et ultrices posuere cubilia Curae; Duis faucibus accumsan odio. Curabitur convallis. Duis consequat dui nec nisi volutpat eleifend. Donec ut dolor.', 6, '2021-12-18 00:00:00', NULL),
	(117, 'Điều Kì Diệu Của Tình Yêu: Hành Trình Tìm Thấy Định Mệnh Trên Con Đường Đời', 'Từng Yêu', 1, 'Phasellus sit amet erat. Nulla tempus. Vivamus in felis eu sapien cursus vestibulum. Proin eu mi. Nulla ac enim. In tempor, turpis nec euismod scelerisque, quam turpis adipiscing lorem, vitae mattis nibh ligula nec sem. Duis aliquam convallis nunc. Proin at turpis a pede posuere nonummy. Integer non velit.', 'Suspendisse ornare consequat lectus. In est risus, auctor sed, tristique in, tempus sit amet, sem. Fusce consequat. Nulla nisl. Nunc nisl. Duis bibendum, felis sed interdum venenatis, turpis enim blandit mi, in porttitor pede justo eu massa. Donec dapibus.', 23, '2023-06-11 00:00:00', NULL),
	(118, 'Điều Kỳ Diệu Của Tình Yêu Sẽ Mở Ra', 'Anh Đã Quen Với Cô Đơn', 3, 'Nulla ac enim.', 'Nulla neque libero, convallis eget, eleifend luctus, ultricies eu, nibh. Quisque id justo sit amet sapien dignissim vestibulum. Vestibulum ante ipsum primis in faucibus orci luctus et ultrices posuere cubilia Curae; Nulla dapibus dolor vel est. Donec odio justo, sollicitudin ut, suscipit a, feugiat et, eros.', 37, '2021-04-19 00:00:00', NULL),
	(119, 'Với Tình Yêu Và Niềm Tin', 'Hồng Nhan', 25, 'Nulla nisl. Nunc nisl. Duis bibendum, felis sed interdum venenatis, turpis enim blandit mi, in porttitor pede justo eu massa. Donec dapibus. Duis at velit eu est congue elementum. In hac habitasse platea dictumst. Morbi vestibulum, velit id pretium iaculis, diam erat fermentum justo, nec condimentum neque sapien placerat ante.', 'Morbi a ipsum. Integer a nibh. In quis justo. Maecenas rhoncus aliquam lacus. Morbi quis tortor id nulla ultrices aliquet. Maecenas leo odio, condimentum id, luctus nec, molestie sed, justo. Pellentesque viverra pede ac diam. Cras pellentesque volutpat dui. Maecenas tristique, est et tempus semper, est quam pharetra magna, ac consequat metus sapien ut nunc. Vestibulum ante ipsum primis in faucibus orci luctus et ultrices posuere cubilia Curae; Mauris viverra diam vitae quam.', 9, '2023-08-20 00:00:00', NULL),
	(120, 'Chúng Ta Sẽ Đạt Đến Đỉnh Cao Hạnh Phúc', 'Đừng Ai Nhắc Về Anh Ấy', 6, 'Duis ac nibh. Fusce lacus purus, aliquet at, feugiat non, pretium quis, lectus. Suspendisse potenti. In eleifend quam a odio. In hac habitasse platea dictumst. Maecenas ut massa quis augue luctus tincidunt. Nulla mollis molestie lorem. Quisque ut erat. Curabitur gravida nisi at nibh.', 'In hac habitasse platea dictumst. Etiam faucibus cursus urna. Ut tellus. Nulla ut erat id mauris vulputate elementum. Nullam varius. Nulla facilisi. Cras non velit nec nisi vulputate nonummy.', 39, '2021-05-16 00:00:00', NULL),
	(121, 'Nhưng Cũng Tràn Đầy Thử Thách', 'Chúng Ta Không Thuộc Về Nhau', 10, 'In est risus, auctor sed, tristique in, tempus sit amet, sem. Fusce consequat. Nulla nisl. Nunc nisl. Duis bibendum, felis sed interdum venenatis, turpis enim blandit mi, in porttitor pede justo eu massa.', 'Proin leo odio, porttitor id, consequat in, consequat ut, nulla. Sed accumsan felis. Ut at dolor quis odio consequat varius. Integer ac leo. Pellentesque ultrices mattis odio. Donec vitae nisi. Nam ultrices, libero non mattis pulvinar, nulla pede ullamcorper augue, a suscipit nulla elit ac nulla. Sed vel enim sit amet nunc viverra dapibus. Nulla suscipit ligula in lacus.', 14, '2023-05-06 00:00:00', NULL),
	(122, 'Những Kỷ Niệm Ngọt Ngào Mà Chúng Ta Xây Dựng Bên Nhau', 'Đường Tôi Chở Em Về', 19, 'Nam congue, risus semper porta volutpat, quam pede lobortis ligula, sit amet eleifend pede libero quis orci. Nullam molestie nibh in lectus.', 'Nam congue, risus semper porta volutpat, quam pede lobortis ligula, sit amet eleifend pede libero quis orci. Nullam molestie nibh in lectus.', 24, '2022-12-31 00:00:00', NULL),
	(123, 'Điều Kỳ Diệu Của Tình Yêu Sẽ Mở Ra', 'Một Bước Yêu Vạn Dặm Đau', 3, 'Maecenas tristique, est et tempus semper, est quam pharetra magna, ac consequat metus sapien ut nunc. Vestibulum ante ipsum primis in faucibus orci luctus et ultrices posuere cubilia Curae; Mauris viverra diam vitae quam. Suspendisse potenti. Nullam porttitor lacus at turpis. Donec posuere metus vitae ipsum. Aliquam non mauris. Morbi non lectus. Aliquam sit amet diam in magna bibendum imperdiet. Nullam orci pede, venenatis non, sodales sed, tincidunt eu, felis.', 'Cras mi pede, malesuada in, imperdiet et, commodo vulputate, justo. In blandit ultrices enim. Lorem ipsum dolor sit amet, consectetuer adipiscing elit. Proin interdum mauris non ligula pellentesque ultrices. Phasellus id sapien in sapien iaculis congue.', 38, '2021-03-03 00:00:00', NULL),
	(124, 'Nắm Tay Nhau Đi Qua Mọi Chông Gai', 'Sóng Gió', 20, 'Cum sociis natoque penatibus et magnis dis parturient montes, nascetur ridiculus mus. Vivamus vestibulum sagittis sapien. Cum sociis natoque penatibus et magnis dis parturient montes, nascetur ridiculus mus.', 'Nulla facilisi.', 18, '2021-03-04 00:00:00', NULL),
	(125, 'Bước Đến Hạnh Phúc', 'Em Gái Mưa', 8, 'Etiam vel augue. Vestibulum rutrum rutrum neque.', 'Lorem ipsum dolor sit amet, consectetuer adipiscing elit. Proin interdum mauris non ligula pellentesque ultrices. Phasellus id sapien in sapien iaculis congue. Vivamus metus arcu, adipiscing molestie, hendrerit at, vulputate vitae, nisl. Aenean lectus. Pellentesque eget nunc. Donec quis orci eget orci vehicula condimentum. Curabitur in libero ut massa volutpat convallis.', 32, '2021-04-22 00:00:00', NULL),
	(126, 'Hạnh Phúc Thật Sự Rực Rỡ Khi Ta Đồng Hành Bên Nhau Trên Cuộc Sống', 'Có Chắc Yêu Là Đây', 8, 'Duis ac nibh.', 'In hac habitasse platea dictumst. Morbi vestibulum, velit id pretium iaculis, diam erat fermentum justo, nec condimentum neque sapien placerat ante. Nulla justo. Aliquam quis turpis eget elit sodales scelerisque. Mauris sit amet eros.', 45, '2023-06-12 00:00:00', NULL),
	(127, 'Điều Kỳ Diệu Của Tình Yêu Sẽ Mở Ra', 'Một Đêm Say', 17, 'Duis bibendum. Morbi non quam nec dui luctus rutrum. Nulla tellus.', 'Maecenas tristique, est et tempus semper, est quam pharetra magna, ac consequat metus sapien ut nunc.', 2, '2021-01-17 00:00:00', NULL),
	(128, 'Hạnh Phúc Thật Sự Rực Rỡ Khi Ta Đồng Hành Bên Nhau Trên Cuộc Sống', 'Yêu 5', 18, 'Aliquam quis turpis eget elit sodales scelerisque. Mauris sit amet eros. Suspendisse accumsan tortor quis turpis. Sed ante.', 'Etiam faucibus cursus urna. Ut tellus. Nulla ut erat id mauris vulputate elementum. Nullam varius. Nulla facilisi.', 33, '2022-04-30 00:00:00', NULL),
	(129, 'Những Kỷ Niệm Đẹp Nhất Trong Tình Yêu', 'Có Ai Thương Em Như Anh', 10, 'Suspendisse ornare consequat lectus. In est risus, auctor sed, tristique in, tempus sit amet, sem. Fusce consequat. Nulla nisl. Nunc nisl. Duis bibendum, felis sed interdum venenatis, turpis enim blandit mi, in porttitor pede justo eu massa. Donec dapibus. Duis at velit eu est congue elementum. In hac habitasse platea dictumst. Morbi vestibulum, velit id pretium iaculis, diam erat fermentum justo, nec condimentum neque sapien placerat ante.', 'Nullam varius. Nulla facilisi. Cras non velit nec nisi vulputate nonummy. Maecenas tincidunt lacus at velit. Vivamus vel nulla eget eros elementum pellentesque. Quisque porta volutpat erat.', 6, '2021-12-31 00:00:00', NULL),
	(130, 'Nhưng Cũng Tràn Đầy Thử Thách', 'Yêu Là Tha Thu', 4, 'Aliquam sit amet diam in magna bibendum imperdiet.', 'Vestibulum ante ipsum primis in faucibus orci luctus et ultrices posuere cubilia Curae; Duis faucibus accumsan odio. Curabitur convallis. Duis consequat dui nec nisi volutpat eleifend. Donec ut dolor. Morbi vel lectus in quam fringilla rhoncus. Mauris enim leo, rhoncus sed, vestibulum sit amet, cursus id, turpis. Integer aliquet, massa id lobortis convallis, tortor risus dapibus augue, vel accumsan tellus nisi eu orci. Mauris lacinia sapien quis libero. Nullam sit amet turpis elementum ligula vehicula consequat. Morbi a ipsum.', 10, '2021-11-18 00:00:00', NULL),
	(131, 'Vòng Tay Ấm Áp Của Em Là Nơi Anh Tìm Được Sự Bình Yên', 'Chạy Ngay Đi', 15, 'Duis bibendum. Morbi non quam nec dui luctus rutrum. Nulla tellus. In sagittis dui vel nisl. Duis ac nibh. Fusce lacus purus, aliquet at, feugiat non, pretium quis, lectus. Suspendisse potenti. In eleifend quam a odio. In hac habitasse platea dictumst. Maecenas ut massa quis augue luctus tincidunt.', 'Quisque id justo sit amet sapien dignissim vestibulum. Vestibulum ante ipsum primis in faucibus orci luctus et ultrices posuere cubilia Curae; Nulla dapibus dolor vel est.', 38, '2022-10-18 00:00:00', NULL),
	(132, 'Đến Một Trái Tim Đang Mong Chờ', 'Sóng Gió', 5, 'Nulla ac enim. In tempor, turpis nec euismod scelerisque, quam turpis adipiscing lorem, vitae mattis nibh ligula nec sem. Duis aliquam convallis nunc. Proin at turpis a pede posuere nonummy. Integer non velit.', 'Praesent id massa id nisl venenatis lacinia. Aenean sit amet justo. Morbi ut odio. Cras mi pede, malesuada in, imperdiet et, commodo vulputate, justo. In blandit ultrices enim.', 24, '2022-10-12 00:00:00', NULL),
	(133, 'Những Kỷ Niệm Đẹp Nhất Trong Tình Yêu', 'Xin Đừng Lặng Im', 7, 'Nullam varius. Nulla facilisi. Cras non velit nec nisi vulputate nonummy. Maecenas tincidunt lacus at velit.', 'Duis consequat dui nec nisi volutpat eleifend.', 8, '2022-03-30 00:00:00', NULL),
	(134, 'Điều Kỳ Diệu Của Tình Yêu Sẽ Mở Ra', 'Nàng Thơ', 19, 'Praesent id massa id nisl venenatis lacinia. Aenean sit amet justo. Morbi ut odio. Cras mi pede, malesuada in, imperdiet et, commodo vulputate, justo. In blandit ultrices enim.', 'Ut tellus. Nulla ut erat id mauris vulputate elementum. Nullam varius. Nulla facilisi. Cras non velit nec nisi vulputate nonummy. Maecenas tincidunt lacus at velit. Vivamus vel nulla eget eros elementum pellentesque.', 27, '2023-04-06 00:00:00', NULL),
	(135, 'Chúng Ta Tan Chảy Trong Những Nốt Nhạc Dịu Dàng', 'Anh Nhà Ở Đâu Thế', 14, 'Nullam molestie nibh in lectus.', 'Pellentesque viverra pede ac diam. Cras pellentesque volutpat dui. Maecenas tristique, est et tempus semper, est quam pharetra magna, ac consequat metus sapien ut nunc. Vestibulum ante ipsum primis in faucibus orci luctus et ultrices posuere cubilia Curae; Mauris viverra diam vitae quam. Suspendisse potenti. Nullam porttitor lacus at turpis.', 25, '2022-05-02 00:00:00', NULL),
	(136, 'Giữ Chặt Tình Yêu', 'Từng Yêu', 29, 'Nullam porttitor lacus at turpis. Donec posuere metus vitae ipsum. Aliquam non mauris. Morbi non lectus. Aliquam sit amet diam in magna bibendum imperdiet. Nullam orci pede, venenatis non, sodales sed, tincidunt eu, felis. Fusce posuere felis sed lacus. Morbi sem mauris, laoreet ut, rhoncus aliquet, pulvinar sed, nisl.', 'Phasellus sit amet erat. Nulla tempus. Vivamus in felis eu sapien cursus vestibulum. Proin eu mi.', 12, '2022-08-24 00:00:00', NULL),
	(137, 'Điều Kỳ Diệu Của Tình Yêu Sẽ Mở Ra', 'Chạy Ngay Đi', 26, 'Mauris sit amet eros.', 'Maecenas leo odio, condimentum id, luctus nec, molestie sed, justo. Pellentesque viverra pede ac diam. Cras pellentesque volutpat dui. Maecenas tristique, est et tempus semper, est quam pharetra magna, ac consequat metus sapien ut nunc. Vestibulum ante ipsum primis in faucibus orci luctus et ultrices posuere cubilia Curae; Mauris viverra diam vitae quam. Suspendisse potenti. Nullam porttitor lacus at turpis. Donec posuere metus vitae ipsum. Aliquam non mauris. Morbi non lectus.', 42, '2022-06-14 00:00:00', NULL),
	(138, 'Chúng Ta Sẽ Đạt Đến Đỉnh Cao Hạnh Phúc', 'Đừng Ai Nhắc Về Anh Ấy', 5, 'Vestibulum sed magna at nunc commodo placerat. Praesent blandit. Nam nulla. Integer pede justo, lacinia eget, tincidunt eget, tempus vel, pede. Morbi porttitor lorem id ligula. Suspendisse ornare consequat lectus.', 'Nam nulla. Integer pede justo, lacinia eget, tincidunt eget, tempus vel, pede.', 48, '2022-11-30 00:00:00', NULL),
	(139, 'Nắm Tay Nhau Đi Qua Mọi Chông Gai', 'Buồn Của Anh', 11, 'Nam ultrices, libero non mattis pulvinar, nulla pede ullamcorper augue, a suscipit nulla elit ac nulla. Sed vel enim sit amet nunc viverra dapibus. Nulla suscipit ligula in lacus. Curabitur at ipsum ac tellus semper interdum.', 'Aenean lectus. Pellentesque eget nunc. Donec quis orci eget orci vehicula condimentum. Curabitur in libero ut massa volutpat convallis. Morbi odio odio, elementum eu, interdum eu, tincidunt in, leo.', 47, '2021-07-22 00:00:00', NULL),
	(140, 'Chúng Ta Sẽ Chẳng Bao Giờ Rời Xa', 'Anh Đã Quen Với Cô Đơn', 17, 'In hac habitasse platea dictumst. Aliquam augue quam, sollicitudin vitae, consectetuer eget, rutrum at, lorem. Integer tincidunt ante vel ipsum.', 'Nulla facilisi. Cras non velit nec nisi vulputate nonummy. Maecenas tincidunt lacus at velit. Vivamus vel nulla eget eros elementum pellentesque.', 36, '2022-08-19 00:00:00', NULL),
	(141, 'Chúng Ta Tan Chảy Trong Những Nốt Nhạc Dịu Dàng', 'Có Ai Thương Em Như Anh', 21, 'Nam nulla. Integer pede justo, lacinia eget, tincidunt eget, tempus vel, pede. Morbi porttitor lorem id ligula. Suspendisse ornare consequat lectus. In est risus, auctor sed, tristique in, tempus sit amet, sem. Fusce consequat. Nulla nisl. Nunc nisl. Duis bibendum, felis sed interdum venenatis, turpis enim blandit mi, in porttitor pede justo eu massa. Donec dapibus.', 'Praesent lectus. Vestibulum quam sapien, varius ut, blandit non, interdum in, ante. Vestibulum ante ipsum primis in faucibus orci luctus et ultrices posuere cubilia Curae; Duis faucibus accumsan odio. Curabitur convallis.', 41, '2023-04-27 00:00:00', NULL),
	(142, 'Hạnh Phúc Thật Sự Rực Rỡ Khi Ta Đồng Hành Bên Nhau Trên Cuộc Sống', 'Lạc Trôi', 19, 'Donec vitae nisi. Nam ultrices, libero non mattis pulvinar, nulla pede ullamcorper augue, a suscipit nulla elit ac nulla. Sed vel enim sit amet nunc viverra dapibus.', 'Morbi a ipsum. Integer a nibh. In quis justo. Maecenas rhoncus aliquam lacus. Morbi quis tortor id nulla ultrices aliquet. Maecenas leo odio, condimentum id, luctus nec, molestie sed, justo. Pellentesque viverra pede ac diam.', 31, '2023-05-16 00:00:00', NULL),
	(143, 'Chúng Ta Tan Chảy Trong Những Nốt Nhạc Dịu Dàng', 'Buồn Của Anh', 5, 'Quisque ut erat. Curabitur gravida nisi at nibh. In hac habitasse platea dictumst. Aliquam augue quam, sollicitudin vitae, consectetuer eget, rutrum at, lorem. Integer tincidunt ante vel ipsum.', 'Nulla tellus. In sagittis dui vel nisl. Duis ac nibh. Fusce lacus purus, aliquet at, feugiat non, pretium quis, lectus. Suspendisse potenti. In eleifend quam a odio. In hac habitasse platea dictumst. Maecenas ut massa quis augue luctus tincidunt. Nulla mollis molestie lorem.', 7, '2022-05-09 00:00:00', NULL),
	(144, 'Khi Đôi Ta Gặp Nhau Trong Những Cơn Mưa Rào Đầu Tiên', 'Ước Gì', 6, 'Sed ante. Vivamus tortor. Duis mattis egestas metus.', 'Maecenas pulvinar lobortis est. Phasellus sit amet erat. Nulla tempus. Vivamus in felis eu sapien cursus vestibulum. Proin eu mi. Nulla ac enim. In tempor, turpis nec euismod scelerisque, quam turpis adipiscing lorem, vitae mattis nibh ligula nec sem.', 17, '2022-10-27 00:00:00', NULL),
	(145, 'Chúng Ta Vượt Qua Mọi Khó Khăn', 'Buồn Của Anh', 18, 'Suspendisse potenti. In eleifend quam a odio. In hac habitasse platea dictumst. Maecenas ut massa quis augue luctus tincidunt.', 'Fusce lacus purus, aliquet at, feugiat non, pretium quis, lectus. Suspendisse potenti. In eleifend quam a odio. In hac habitasse platea dictumst.', 12, '2021-05-20 00:00:00', NULL),
	(146, 'Điều Kì Diệu Của Tình Yêu: Hành Trình Tìm Thấy Định Mệnh Trên Con Đường Đời', 'Một Đêm Say', 12, 'Duis mattis egestas metus. Aenean fermentum. Donec ut mauris eget massa tempor convallis. Nulla neque libero, convallis eget, eleifend luctus, ultricies eu, nibh.', 'Mauris sit amet eros. Suspendisse accumsan tortor quis turpis. Sed ante. Vivamus tortor. Duis mattis egestas metus. Aenean fermentum. Donec ut mauris eget massa tempor convallis. Nulla neque libero, convallis eget, eleifend luctus, ultricies eu, nibh. Quisque id justo sit amet sapien dignissim vestibulum.', 9, '2022-03-03 00:00:00', NULL),
	(147, 'Chúng Ta Vượt Qua Mọi Khó Khăn', 'Nơi Này Có Anh', 24, 'Vestibulum quam sapien, varius ut, blandit non, interdum in, ante. Vestibulum ante ipsum primis in faucibus orci luctus et ultrices posuere cubilia Curae; Duis faucibus accumsan odio. Curabitur convallis. Duis consequat dui nec nisi volutpat eleifend. Donec ut dolor. Morbi vel lectus in quam fringilla rhoncus.', 'Aliquam erat volutpat. In congue. Etiam justo. Etiam pretium iaculis justo. In hac habitasse platea dictumst. Etiam faucibus cursus urna.', 28, '2022-10-17 00:00:00', NULL),
	(148, 'Giữ Chặt Tình Yêu', 'Đi Để Trở Về', 16, 'Cum sociis natoque penatibus et magnis dis parturient montes, nascetur ridiculus mus. Etiam vel augue. Vestibulum rutrum rutrum neque. Aenean auctor gravida sem. Praesent id massa id nisl venenatis lacinia. Aenean sit amet justo.', 'Maecenas rhoncus aliquam lacus. Morbi quis tortor id nulla ultrices aliquet. Maecenas leo odio, condimentum id, luctus nec, molestie sed, justo.', 34, '2022-10-25 00:00:00', NULL),
	(149, 'Điều Kỳ Diệu Sẽ Xảy Ra Trên Đường Đời', 'Yêu 5', 22, 'Nullam varius. Nulla facilisi. Cras non velit nec nisi vulputate nonummy. Maecenas tincidunt lacus at velit. Vivamus vel nulla eget eros elementum pellentesque.', 'Aliquam non mauris. Morbi non lectus. Aliquam sit amet diam in magna bibendum imperdiet. Nullam orci pede, venenatis non, sodales sed, tincidunt eu, felis. Fusce posuere felis sed lacus. Morbi sem mauris, laoreet ut, rhoncus aliquet, pulvinar sed, nisl. Nunc rhoncus dui vel sem. Sed sagittis. Nam congue, risus semper porta volutpat, quam pede lobortis ligula, sit amet eleifend pede libero quis orci.', 24, '2021-11-27 00:00:00', NULL),
	(150, 'Hãy Cùng Nhau Xây Dựng Một Thế Giới Tình Yêu Bền Vững Và Hạnh Phúc', 'Tháng Tư Là Lời Nói Dối Của Em', 22, 'Vivamus tortor. Duis mattis egestas metus. Aenean fermentum.', 'Mauris enim leo, rhoncus sed, vestibulum sit amet, cursus id, turpis. Integer aliquet, massa id lobortis convallis, tortor risus dapibus augue, vel accumsan tellus nisi eu orci. Mauris lacinia sapien quis libero. Nullam sit amet turpis elementum ligula vehicula consequat.', 31, '2023-05-13 00:00:00', NULL),
	(151, 'Chúng Ta Vượt Qua Mọi Khó Khăn', 'Lạc Trôi', 21, 'Etiam vel augue.', 'Quisque ut erat.', 47, '2022-11-21 00:00:00', NULL),
	(152, 'Điều Kỳ Diệu Sẽ Xảy Ra Trên Đường Đời', 'Buồn Của Anh', 9, 'Etiam justo. Etiam pretium iaculis justo. In hac habitasse platea dictumst. Etiam faucibus cursus urna.', 'Duis aliquam convallis nunc. Proin at turpis a pede posuere nonummy. Integer non velit. Donec diam neque, vestibulum eget, vulputate ut, ultrices vel, augue. Vestibulum ante ipsum primis in faucibus orci luctus et ultrices posuere cubilia Curae; Donec pharetra, magna vestibulum aliquet ultrices, erat tortor sollicitudin mi, sit amet lobortis sapien sapien non mi. Integer ac neque. Duis bibendum.', 31, '2021-10-26 00:00:00', NULL),
	(153, 'Giữ Chặt Tình Yêu', 'Tháng Tư Là Lời Nói Dối Của Em', 20, 'Aenean fermentum. Donec ut mauris eget massa tempor convallis. Nulla neque libero, convallis eget, eleifend luctus, ultricies eu, nibh. Quisque id justo sit amet sapien dignissim vestibulum. Vestibulum ante ipsum primis in faucibus orci luctus et ultrices posuere cubilia Curae; Nulla dapibus dolor vel est. Donec odio justo, sollicitudin ut, suscipit a, feugiat et, eros. Vestibulum ac est lacinia nisi venenatis tristique.', 'Nunc rhoncus dui vel sem. Sed sagittis. Nam congue, risus semper porta volutpat, quam pede lobortis ligula, sit amet eleifend pede libero quis orci. Nullam molestie nibh in lectus. Pellentesque at nulla. Suspendisse potenti. Cras in purus eu magna vulputate luctus.', 2, '2021-07-18 00:00:00', NULL),
	(154, 'Gửi Tình Yêu Thắm Thiết Nhất', 'Nàng Thơ', 22, 'Suspendisse potenti. Nullam porttitor lacus at turpis. Donec posuere metus vitae ipsum. Aliquam non mauris.', 'Etiam justo.', 41, '2022-03-21 00:00:00', NULL),
	(155, 'Hãy Cùng Nhau Xây Dựng Một Thế Giới Tình Yêu Bền Vững Và Hạnh Phúc', 'Đánh Mất Em', 12, 'Morbi non lectus. Aliquam sit amet diam in magna bibendum imperdiet. Nullam orci pede, venenatis non, sodales sed, tincidunt eu, felis. Fusce posuere felis sed lacus. Morbi sem mauris, laoreet ut, rhoncus aliquet, pulvinar sed, nisl. Nunc rhoncus dui vel sem. Sed sagittis. Nam congue, risus semper porta volutpat, quam pede lobortis ligula, sit amet eleifend pede libero quis orci. Nullam molestie nibh in lectus. Pellentesque at nulla.', 'Nulla tempus. Vivamus in felis eu sapien cursus vestibulum. Proin eu mi. Nulla ac enim. In tempor, turpis nec euismod scelerisque, quam turpis adipiscing lorem, vitae mattis nibh ligula nec sem. Duis aliquam convallis nunc. Proin at turpis a pede posuere nonummy. Integer non velit. Donec diam neque, vestibulum eget, vulputate ut, ultrices vel, augue. Vestibulum ante ipsum primis in faucibus orci luctus et ultrices posuere cubilia Curae; Donec pharetra, magna vestibulum aliquet ultrices, erat tortor sollicitudin mi, sit amet lobortis sapien sapien non mi.', 16, '2022-06-03 00:00:00', NULL),
	(156, 'Một Đời Yêu Nhau', 'Mây Trắng', 3, 'In hac habitasse platea dictumst. Maecenas ut massa quis augue luctus tincidunt. Nulla mollis molestie lorem. Quisque ut erat. Curabitur gravida nisi at nibh. In hac habitasse platea dictumst.', 'Maecenas ut massa quis augue luctus tincidunt. Nulla mollis molestie lorem. Quisque ut erat. Curabitur gravida nisi at nibh. In hac habitasse platea dictumst. Aliquam augue quam, sollicitudin vitae, consectetuer eget, rutrum at, lorem.', 43, '2023-08-26 00:00:00', NULL),
	(157, 'Nắm Tay Nhau Đi Qua Mọi Chông Gai', 'Buồn Của Anh', 27, 'Morbi odio odio, elementum eu, interdum eu, tincidunt in, leo. Maecenas pulvinar lobortis est. Phasellus sit amet erat. Nulla tempus.', 'Nulla ac enim.', 8, '2022-03-08 00:00:00', NULL),
	(158, 'Hãy Ghi Sâu Trong Tim', 'Buồn Của Anh', 4, 'Morbi quis tortor id nulla ultrices aliquet.', 'Praesent id massa id nisl venenatis lacinia. Aenean sit amet justo. Morbi ut odio. Cras mi pede, malesuada in, imperdiet et, commodo vulputate, justo. In blandit ultrices enim. Lorem ipsum dolor sit amet, consectetuer adipiscing elit. Proin interdum mauris non ligula pellentesque ultrices. Phasellus id sapien in sapien iaculis congue.', 11, '2023-03-13 00:00:00', NULL),
	(159, 'Chúng Ta Sẽ Đạt Đến Đỉnh Cao Hạnh Phúc', 'Anh Nhà Ở Đâu Thế', 16, 'In hac habitasse platea dictumst. Aliquam augue quam, sollicitudin vitae, consectetuer eget, rutrum at, lorem.', 'Nullam sit amet turpis elementum ligula vehicula consequat. Morbi a ipsum.', 41, '2023-03-26 00:00:00', NULL),
	(160, 'Điều Kỳ Diệu Sẽ Xảy Ra Trên Đường Đời', 'Tháng Tư Là Lời Nói Dối Của Em', 12, 'Integer non velit. Donec diam neque, vestibulum eget, vulputate ut, ultrices vel, augue. Vestibulum ante ipsum primis in faucibus orci luctus et ultrices posuere cubilia Curae; Donec pharetra, magna vestibulum aliquet ultrices, erat tortor sollicitudin mi, sit amet lobortis sapien sapien non mi. Integer ac neque.', 'Proin risus. Praesent lectus. Vestibulum quam sapien, varius ut, blandit non, interdum in, ante. Vestibulum ante ipsum primis in faucibus orci luctus et ultrices posuere cubilia Curae; Duis faucibus accumsan odio. Curabitur convallis. Duis consequat dui nec nisi volutpat eleifend. Donec ut dolor. Morbi vel lectus in quam fringilla rhoncus. Mauris enim leo, rhoncus sed, vestibulum sit amet, cursus id, turpis. Integer aliquet, massa id lobortis convallis, tortor risus dapibus augue, vel accumsan tellus nisi eu orci.', 22, '2021-11-07 00:00:00', NULL),
	(161, 'Khi Đôi Ta Gặp Nhau Trong Những Cơn Mưa Rào Đầu Tiên', 'Nơi Này Có Anh', 1, 'Integer non velit. Donec diam neque, vestibulum eget, vulputate ut, ultrices vel, augue. Vestibulum ante ipsum primis in faucibus orci luctus et ultrices posuere cubilia Curae; Donec pharetra, magna vestibulum aliquet ultrices, erat tortor sollicitudin mi, sit amet lobortis sapien sapien non mi. Integer ac neque. Duis bibendum. Morbi non quam nec dui luctus rutrum. Nulla tellus. In sagittis dui vel nisl.', 'Maecenas pulvinar lobortis est. Phasellus sit amet erat. Nulla tempus. Vivamus in felis eu sapien cursus vestibulum. Proin eu mi. Nulla ac enim. In tempor, turpis nec euismod scelerisque, quam turpis adipiscing lorem, vitae mattis nibh ligula nec sem. Duis aliquam convallis nunc. Proin at turpis a pede posuere nonummy. Integer non velit.', 9, '2023-09-17 00:00:00', NULL),
	(162, 'Hãy Ghi Sâu Trong Tim', 'Đi Để Trở Về', 10, 'Cras pellentesque volutpat dui. Maecenas tristique, est et tempus semper, est quam pharetra magna, ac consequat metus sapien ut nunc. Vestibulum ante ipsum primis in faucibus orci luctus et ultrices posuere cubilia Curae; Mauris viverra diam vitae quam. Suspendisse potenti. Nullam porttitor lacus at turpis. Donec posuere metus vitae ipsum. Aliquam non mauris. Morbi non lectus.', 'Lorem ipsum dolor sit amet, consectetuer adipiscing elit. Proin risus.', 13, '2022-08-13 00:00:00', NULL),
	(163, 'Hãy Ghi Sâu Trong Tim', 'Nàng Thơ', 8, 'Maecenas rhoncus aliquam lacus. Morbi quis tortor id nulla ultrices aliquet. Maecenas leo odio, condimentum id, luctus nec, molestie sed, justo. Pellentesque viverra pede ac diam. Cras pellentesque volutpat dui. Maecenas tristique, est et tempus semper, est quam pharetra magna, ac consequat metus sapien ut nunc. Vestibulum ante ipsum primis in faucibus orci luctus et ultrices posuere cubilia Curae; Mauris viverra diam vitae quam. Suspendisse potenti. Nullam porttitor lacus at turpis. Donec posuere metus vitae ipsum.', 'Donec odio justo, sollicitudin ut, suscipit a, feugiat et, eros. Vestibulum ac est lacinia nisi venenatis tristique. Fusce congue, diam id ornare imperdiet, sapien urna pretium nisl, ut volutpat sapien arcu sed augue.', 27, '2021-10-22 00:00:00', NULL),
	(164, 'Khi Đôi Ta Gặp Nhau Trong Những Cơn Mưa Rào Đầu Tiên', 'Đánh Mất Em', 8, 'Suspendisse potenti. Cras in purus eu magna vulputate luctus. Cum sociis natoque penatibus et magnis dis parturient montes, nascetur ridiculus mus.', 'Duis bibendum. Morbi non quam nec dui luctus rutrum. Nulla tellus. In sagittis dui vel nisl. Duis ac nibh. Fusce lacus purus, aliquet at, feugiat non, pretium quis, lectus.', 8, '2022-01-21 00:00:00', NULL),
	(165, 'Giữ Chặt Tình Yêu', 'Đi Để Trở Về', 23, 'Cras non velit nec nisi vulputate nonummy. Maecenas tincidunt lacus at velit. Vivamus vel nulla eget eros elementum pellentesque. Quisque porta volutpat erat. Quisque erat eros, viverra eget, congue eget, semper rutrum, nulla.', 'Integer tincidunt ante vel ipsum. Praesent blandit lacinia erat. Vestibulum sed magna at nunc commodo placerat. Praesent blandit. Nam nulla. Integer pede justo, lacinia eget, tincidunt eget, tempus vel, pede. Morbi porttitor lorem id ligula. Suspendisse ornare consequat lectus. In est risus, auctor sed, tristique in, tempus sit amet, sem. Fusce consequat.', 4, '2021-05-03 00:00:00', NULL),
	(166, 'Chúng Ta Sẽ Đạt Đến Đỉnh Cao Hạnh Phúc', 'Vì Anh Thương Em', 19, 'Nulla ut erat id mauris vulputate elementum. Nullam varius. Nulla facilisi. Cras non velit nec nisi vulputate nonummy.', 'Fusce lacus purus, aliquet at, feugiat non, pretium quis, lectus. Suspendisse potenti. In eleifend quam a odio. In hac habitasse platea dictumst. Maecenas ut massa quis augue luctus tincidunt. Nulla mollis molestie lorem. Quisque ut erat.', 31, '2021-06-18 00:00:00', NULL),
	(167, 'Vòng Tay Ấm Áp Của Em Là Nơi Anh Tìm Được Sự Bình Yên', 'Hồng Nhan', 15, 'Nam ultrices, libero non mattis pulvinar, nulla pede ullamcorper augue, a suscipit nulla elit ac nulla. Sed vel enim sit amet nunc viverra dapibus.', 'Donec vitae nisi. Nam ultrices, libero non mattis pulvinar, nulla pede ullamcorper augue, a suscipit nulla elit ac nulla. Sed vel enim sit amet nunc viverra dapibus. Nulla suscipit ligula in lacus. Curabitur at ipsum ac tellus semper interdum. Mauris ullamcorper purus sit amet nulla. Quisque arcu libero, rutrum ac, lobortis vel, dapibus at, diam.', 25, '2021-05-18 00:00:00', NULL),
	(168, 'Đắm Say Trong Không Gian Âm Nhạc', 'Đường Tôi Chở Em Về', 26, 'Duis consequat dui nec nisi volutpat eleifend. Donec ut dolor. Morbi vel lectus in quam fringilla rhoncus. Mauris enim leo, rhoncus sed, vestibulum sit amet, cursus id, turpis. Integer aliquet, massa id lobortis convallis, tortor risus dapibus augue, vel accumsan tellus nisi eu orci.', 'Pellentesque ultrices mattis odio. Donec vitae nisi. Nam ultrices, libero non mattis pulvinar, nulla pede ullamcorper augue, a suscipit nulla elit ac nulla. Sed vel enim sit amet nunc viverra dapibus. Nulla suscipit ligula in lacus. Curabitur at ipsum ac tellus semper interdum.', 28, '2021-06-01 00:00:00', NULL),
	(169, 'Một Đời Yêu Nhau', 'Sài Gòn Đau Lòng Quá', 26, 'Mauris sit amet eros. Suspendisse accumsan tortor quis turpis. Sed ante. Vivamus tortor. Duis mattis egestas metus. Aenean fermentum. Donec ut mauris eget massa tempor convallis. Nulla neque libero, convallis eget, eleifend luctus, ultricies eu, nibh. Quisque id justo sit amet sapien dignissim vestibulum.', 'Pellentesque ultrices mattis odio. Donec vitae nisi. Nam ultrices, libero non mattis pulvinar, nulla pede ullamcorper augue, a suscipit nulla elit ac nulla. Sed vel enim sit amet nunc viverra dapibus. Nulla suscipit ligula in lacus. Curabitur at ipsum ac tellus semper interdum. Mauris ullamcorper purus sit amet nulla. Quisque arcu libero, rutrum ac, lobortis vel, dapibus at, diam.', 2, '2021-10-13 00:00:00', NULL),
	(170, 'Nhưng Cũng Tràn Đầy Thử Thách', 'Xin Đừng Lặng Im', 16, 'Nullam porttitor lacus at turpis. Donec posuere metus vitae ipsum. Aliquam non mauris. Morbi non lectus. Aliquam sit amet diam in magna bibendum imperdiet. Nullam orci pede, venenatis non, sodales sed, tincidunt eu, felis. Fusce posuere felis sed lacus.', 'Vivamus vel nulla eget eros elementum pellentesque. Quisque porta volutpat erat. Quisque erat eros, viverra eget, congue eget, semper rutrum, nulla. Nunc purus. Phasellus in felis.', 13, '2023-03-16 00:00:00', NULL),
	(171, 'Chúng Ta Tan Chảy Trong Những Nốt Nhạc Dịu Dàng', 'Mình Anh Thế Thôi', 21, 'Integer ac leo. Pellentesque ultrices mattis odio. Donec vitae nisi.', 'Praesent lectus. Vestibulum quam sapien, varius ut, blandit non, interdum in, ante. Vestibulum ante ipsum primis in faucibus orci luctus et ultrices posuere cubilia Curae; Duis faucibus accumsan odio.', 50, '2022-08-02 00:00:00', NULL),
	(172, 'Những Kỷ Niệm Đẹp Nhất Trong Tình Yêu', 'Nơi Này Có Anh', 8, 'Integer ac neque. Duis bibendum. Morbi non quam nec dui luctus rutrum.', 'Integer tincidunt ante vel ipsum. Praesent blandit lacinia erat. Vestibulum sed magna at nunc commodo placerat. Praesent blandit.', 34, '2022-05-18 00:00:00', NULL),
	(173, 'Chúng Ta Sẽ Đạt Đến Đỉnh Cao Hạnh Phúc', 'Một Đêm Say', 22, 'In hac habitasse platea dictumst. Etiam faucibus cursus urna.', 'In tempor, turpis nec euismod scelerisque, quam turpis adipiscing lorem, vitae mattis nibh ligula nec sem. Duis aliquam convallis nunc. Proin at turpis a pede posuere nonummy. Integer non velit. Donec diam neque, vestibulum eget, vulputate ut, ultrices vel, augue. Vestibulum ante ipsum primis in faucibus orci luctus et ultrices posuere cubilia Curae; Donec pharetra, magna vestibulum aliquet ultrices, erat tortor sollicitudin mi, sit amet lobortis sapien sapien non mi.', 3, '2023-01-19 00:00:00', NULL),
	(174, 'Điều Kì Diệu Của Tình Yêu: Hành Trình Tìm Thấy Định Mệnh Trên Con Đường Đời', 'Xin Đừng Lặng Im', 7, 'Vivamus metus arcu, adipiscing molestie, hendrerit at, vulputate vitae, nisl. Aenean lectus. Pellentesque eget nunc.', 'Cras non velit nec nisi vulputate nonummy. Maecenas tincidunt lacus at velit. Vivamus vel nulla eget eros elementum pellentesque. Quisque porta volutpat erat. Quisque erat eros, viverra eget, congue eget, semper rutrum, nulla. Nunc purus. Phasellus in felis. Donec semper sapien a libero. Nam dui. Proin leo odio, porttitor id, consequat in, consequat ut, nulla.', 48, '2023-04-07 00:00:00', NULL),
	(175, 'Hãy Ghi Sâu Trong Tim', 'Mây Trắng', 11, 'Nulla tellus. In sagittis dui vel nisl. Duis ac nibh. Fusce lacus purus, aliquet at, feugiat non, pretium quis, lectus. Suspendisse potenti. In eleifend quam a odio. In hac habitasse platea dictumst. Maecenas ut massa quis augue luctus tincidunt. Nulla mollis molestie lorem.', 'In tempor, turpis nec euismod scelerisque, quam turpis adipiscing lorem, vitae mattis nibh ligula nec sem. Duis aliquam convallis nunc. Proin at turpis a pede posuere nonummy. Integer non velit. Donec diam neque, vestibulum eget, vulputate ut, ultrices vel, augue. Vestibulum ante ipsum primis in faucibus orci luctus et ultrices posuere cubilia Curae; Donec pharetra, magna vestibulum aliquet ultrices, erat tortor sollicitudin mi, sit amet lobortis sapien sapien non mi. Integer ac neque. Duis bibendum. Morbi non quam nec dui luctus rutrum. Nulla tellus.', 20, '2021-05-02 00:00:00', NULL),
	(176, 'Với Tình Yêu Và Niềm Tin', 'Có Chắc Yêu Là Đây', 1, 'Cras in purus eu magna vulputate luctus. Cum sociis natoque penatibus et magnis dis parturient montes, nascetur ridiculus mus. Vivamus vestibulum sagittis sapien. Cum sociis natoque penatibus et magnis dis parturient montes, nascetur ridiculus mus.', 'Vestibulum ante ipsum primis in faucibus orci luctus et ultrices posuere cubilia Curae; Mauris viverra diam vitae quam. Suspendisse potenti. Nullam porttitor lacus at turpis.', 24, '2021-05-26 00:00:00', NULL),
	(177, 'Chúng Ta Sẽ Chẳng Bao Giờ Rời Xa', 'Yêu Là Tha Thu', 20, 'Vivamus in felis eu sapien cursus vestibulum. Proin eu mi. Nulla ac enim. In tempor, turpis nec euismod scelerisque, quam turpis adipiscing lorem, vitae mattis nibh ligula nec sem. Duis aliquam convallis nunc. Proin at turpis a pede posuere nonummy. Integer non velit. Donec diam neque, vestibulum eget, vulputate ut, ultrices vel, augue. Vestibulum ante ipsum primis in faucibus orci luctus et ultrices posuere cubilia Curae; Donec pharetra, magna vestibulum aliquet ultrices, erat tortor sollicitudin mi, sit amet lobortis sapien sapien non mi.', 'Pellentesque viverra pede ac diam. Cras pellentesque volutpat dui. Maecenas tristique, est et tempus semper, est quam pharetra magna, ac consequat metus sapien ut nunc. Vestibulum ante ipsum primis in faucibus orci luctus et ultrices posuere cubilia Curae; Mauris viverra diam vitae quam. Suspendisse potenti. Nullam porttitor lacus at turpis. Donec posuere metus vitae ipsum. Aliquam non mauris. Morbi non lectus. Aliquam sit amet diam in magna bibendum imperdiet.', 47, '2020-11-11 00:00:00', NULL),
	(178, 'Những Kỷ Niệm Đẹp Nhất Trong Tình Yêu', 'Tháng Tư Là Lời Nói Dối Của Em', 4, 'Nulla ut erat id mauris vulputate elementum. Nullam varius. Nulla facilisi.', 'Fusce consequat. Nulla nisl. Nunc nisl. Duis bibendum, felis sed interdum venenatis, turpis enim blandit mi, in porttitor pede justo eu massa.', 42, '2021-10-22 00:00:00', NULL),
	(179, 'Hãy Ghi Sâu Trong Tim', 'Điều Anh Biết', 25, 'In hac habitasse platea dictumst. Morbi vestibulum, velit id pretium iaculis, diam erat fermentum justo, nec condimentum neque sapien placerat ante. Nulla justo. Aliquam quis turpis eget elit sodales scelerisque. Mauris sit amet eros. Suspendisse accumsan tortor quis turpis. Sed ante. Vivamus tortor. Duis mattis egestas metus. Aenean fermentum.', 'Pellentesque at nulla. Suspendisse potenti. Cras in purus eu magna vulputate luctus. Cum sociis natoque penatibus et magnis dis parturient montes, nascetur ridiculus mus. Vivamus vestibulum sagittis sapien. Cum sociis natoque penatibus et magnis dis parturient montes, nascetur ridiculus mus.', 49, '2021-03-22 00:00:00', NULL),
	(180, 'Hãy Cùng Nhau Xây Dựng Một Thế Giới Tình Yêu Bền Vững Và Hạnh Phúc', 'Hồng Nhan', 14, 'In eleifend quam a odio. In hac habitasse platea dictumst. Maecenas ut massa quis augue luctus tincidunt. Nulla mollis molestie lorem. Quisque ut erat. Curabitur gravida nisi at nibh. In hac habitasse platea dictumst.', 'Suspendisse accumsan tortor quis turpis. Sed ante. Vivamus tortor. Duis mattis egestas metus. Aenean fermentum. Donec ut mauris eget massa tempor convallis. Nulla neque libero, convallis eget, eleifend luctus, ultricies eu, nibh. Quisque id justo sit amet sapien dignissim vestibulum. Vestibulum ante ipsum primis in faucibus orci luctus et ultrices posuere cubilia Curae; Nulla dapibus dolor vel est.', 6, '2021-04-18 00:00:00', NULL),
	(181, 'Đắm Say Trong Không Gian Âm Nhạc', 'Chúng Ta Không Thuộc Về Nhau', 6, 'Nullam sit amet turpis elementum ligula vehicula consequat. Morbi a ipsum. Integer a nibh. In quis justo. Maecenas rhoncus aliquam lacus. Morbi quis tortor id nulla ultrices aliquet. Maecenas leo odio, condimentum id, luctus nec, molestie sed, justo. Pellentesque viverra pede ac diam. Cras pellentesque volutpat dui. Maecenas tristique, est et tempus semper, est quam pharetra magna, ac consequat metus sapien ut nunc.', 'Donec quis orci eget orci vehicula condimentum.', 28, '2023-08-29 00:00:00', NULL),
	(182, 'Hãy Ghi Sâu Trong Tim', 'Yêu 5', 3, 'Phasellus id sapien in sapien iaculis congue. Vivamus metus arcu, adipiscing molestie, hendrerit at, vulputate vitae, nisl. Aenean lectus.', 'Sed ante. Vivamus tortor. Duis mattis egestas metus. Aenean fermentum.', 20, '2021-09-22 00:00:00', NULL),
	(183, 'Chúng Ta Sẽ Chẳng Bao Giờ Rời Xa', 'Nàng Thơ', 27, 'Donec semper sapien a libero. Nam dui. Proin leo odio, porttitor id, consequat in, consequat ut, nulla. Sed accumsan felis. Ut at dolor quis odio consequat varius. Integer ac leo. Pellentesque ultrices mattis odio. Donec vitae nisi. Nam ultrices, libero non mattis pulvinar, nulla pede ullamcorper augue, a suscipit nulla elit ac nulla. Sed vel enim sit amet nunc viverra dapibus.', 'Duis bibendum, felis sed interdum venenatis, turpis enim blandit mi, in porttitor pede justo eu massa. Donec dapibus. Duis at velit eu est congue elementum. In hac habitasse platea dictumst.', 17, '2021-08-12 00:00:00', NULL),
	(184, 'Chúng Ta Sẽ Đạt Đến Đỉnh Cao Hạnh Phúc', 'Mình Anh Thế Thôi', 19, 'Etiam justo. Etiam pretium iaculis justo. In hac habitasse platea dictumst. Etiam faucibus cursus urna.', 'Mauris sit amet eros. Suspendisse accumsan tortor quis turpis. Sed ante. Vivamus tortor. Duis mattis egestas metus. Aenean fermentum. Donec ut mauris eget massa tempor convallis. Nulla neque libero, convallis eget, eleifend luctus, ultricies eu, nibh.', 32, '2021-06-22 00:00:00', NULL),
	(185, 'Giữ Chặt Tình Yêu', 'Cánh Hồng Phai', 21, 'Pellentesque viverra pede ac diam. Cras pellentesque volutpat dui. Maecenas tristique, est et tempus semper, est quam pharetra magna, ac consequat metus sapien ut nunc. Vestibulum ante ipsum primis in faucibus orci luctus et ultrices posuere cubilia Curae; Mauris viverra diam vitae quam. Suspendisse potenti. Nullam porttitor lacus at turpis. Donec posuere metus vitae ipsum. Aliquam non mauris. Morbi non lectus.', 'Suspendisse ornare consequat lectus. In est risus, auctor sed, tristique in, tempus sit amet, sem. Fusce consequat. Nulla nisl. Nunc nisl. Duis bibendum, felis sed interdum venenatis, turpis enim blandit mi, in porttitor pede justo eu massa. Donec dapibus.', 32, '2021-01-28 00:00:00', NULL),
	(186, 'Chúng Ta Sẽ Chẳng Bao Giờ Rời Xa', 'Cùng Anh', 19, 'Praesent blandit. Nam nulla. Integer pede justo, lacinia eget, tincidunt eget, tempus vel, pede. Morbi porttitor lorem id ligula. Suspendisse ornare consequat lectus. In est risus, auctor sed, tristique in, tempus sit amet, sem. Fusce consequat. Nulla nisl. Nunc nisl.', 'Cras non velit nec nisi vulputate nonummy.', 35, '2021-06-02 00:00:00', NULL),
	(187, 'Nhưng Cũng Tràn Đầy Thử Thách', 'Từng Yêu', 15, 'Proin risus. Praesent lectus. Vestibulum quam sapien, varius ut, blandit non, interdum in, ante. Vestibulum ante ipsum primis in faucibus orci luctus et ultrices posuere cubilia Curae; Duis faucibus accumsan odio. Curabitur convallis.', 'In blandit ultrices enim. Lorem ipsum dolor sit amet, consectetuer adipiscing elit. Proin interdum mauris non ligula pellentesque ultrices. Phasellus id sapien in sapien iaculis congue. Vivamus metus arcu, adipiscing molestie, hendrerit at, vulputate vitae, nisl. Aenean lectus. Pellentesque eget nunc. Donec quis orci eget orci vehicula condimentum.', 32, '2020-12-30 00:00:00', NULL),
	(188, 'Những Kỷ Niệm Ngọt Ngào Mà Chúng Ta Xây Dựng Bên Nhau', 'Có Ai Thương Em Như Anh', 24, 'Donec diam neque, vestibulum eget, vulputate ut, ultrices vel, augue.', 'Duis ac nibh. Fusce lacus purus, aliquet at, feugiat non, pretium quis, lectus.', 47, '2022-12-16 00:00:00', NULL),
	(189, 'Hãy Cùng Nhau Xây Dựng Một Thế Giới Tình Yêu Bền Vững Và Hạnh Phúc', 'Nơi Này Có Anh', 4, 'Duis at velit eu est congue elementum. In hac habitasse platea dictumst. Morbi vestibulum, velit id pretium iaculis, diam erat fermentum justo, nec condimentum neque sapien placerat ante. Nulla justo. Aliquam quis turpis eget elit sodales scelerisque. Mauris sit amet eros. Suspendisse accumsan tortor quis turpis. Sed ante. Vivamus tortor.', 'Vestibulum ante ipsum primis in faucibus orci luctus et ultrices posuere cubilia Curae; Nulla dapibus dolor vel est. Donec odio justo, sollicitudin ut, suscipit a, feugiat et, eros. Vestibulum ac est lacinia nisi venenatis tristique. Fusce congue, diam id ornare imperdiet, sapien urna pretium nisl, ut volutpat sapien arcu sed augue. Aliquam erat volutpat. In congue. Etiam justo.', 22, '2021-01-14 00:00:00', NULL),
	(190, 'Đến Một Trái Tim Đang Mong Chờ', 'Một Bước Yêu Vạn Dặm Đau', 30, 'Nulla tellus. In sagittis dui vel nisl.', 'Vestibulum ac est lacinia nisi venenatis tristique. Fusce congue, diam id ornare imperdiet, sapien urna pretium nisl, ut volutpat sapien arcu sed augue. Aliquam erat volutpat. In congue. Etiam justo. Etiam pretium iaculis justo. In hac habitasse platea dictumst. Etiam faucibus cursus urna.', 18, '2022-11-05 00:00:00', NULL),
	(191, 'Đắm Say Trong Không Gian Âm Nhạc', 'Đánh Mất Em', 1, 'Etiam pretium iaculis justo. In hac habitasse platea dictumst.', 'Aenean fermentum. Donec ut mauris eget massa tempor convallis. Nulla neque libero, convallis eget, eleifend luctus, ultricies eu, nibh. Quisque id justo sit amet sapien dignissim vestibulum. Vestibulum ante ipsum primis in faucibus orci luctus et ultrices posuere cubilia Curae; Nulla dapibus dolor vel est. Donec odio justo, sollicitudin ut, suscipit a, feugiat et, eros.', 36, '2023-03-31 00:00:00', NULL),
	(192, 'Những Kỷ Niệm Ngọt Ngào Mà Chúng Ta Xây Dựng Bên Nhau', 'Lạc Trôi', 7, 'Praesent lectus. Vestibulum quam sapien, varius ut, blandit non, interdum in, ante. Vestibulum ante ipsum primis in faucibus orci luctus et ultrices posuere cubilia Curae; Duis faucibus accumsan odio.', 'In hac habitasse platea dictumst. Maecenas ut massa quis augue luctus tincidunt. Nulla mollis molestie lorem. Quisque ut erat. Curabitur gravida nisi at nibh. In hac habitasse platea dictumst. Aliquam augue quam, sollicitudin vitae, consectetuer eget, rutrum at, lorem. Integer tincidunt ante vel ipsum. Praesent blandit lacinia erat.', 3, '2021-09-08 00:00:00', NULL),
	(193, 'Đến Một Trái Tim Đang Mong Chờ', 'Để Mỵ Nói Cho Mà Nghe', 21, 'Morbi non lectus. Aliquam sit amet diam in magna bibendum imperdiet. Nullam orci pede, venenatis non, sodales sed, tincidunt eu, felis.', 'Cras non velit nec nisi vulputate nonummy.', 36, '2022-12-28 00:00:00', NULL),
	(194, 'Chúng Ta Sẽ Chẳng Bao Giờ Rời Xa', 'Điều Anh Biết', 18, 'Morbi quis tortor id nulla ultrices aliquet. Maecenas leo odio, condimentum id, luctus nec, molestie sed, justo. Pellentesque viverra pede ac diam. Cras pellentesque volutpat dui. Maecenas tristique, est et tempus semper, est quam pharetra magna, ac consequat metus sapien ut nunc. Vestibulum ante ipsum primis in faucibus orci luctus et ultrices posuere cubilia Curae; Mauris viverra diam vitae quam. Suspendisse potenti. Nullam porttitor lacus at turpis. Donec posuere metus vitae ipsum. Aliquam non mauris.', 'Morbi sem mauris, laoreet ut, rhoncus aliquet, pulvinar sed, nisl. Nunc rhoncus dui vel sem. Sed sagittis.', 1, '2023-07-24 00:00:00', NULL),
	(195, 'Điều Kỳ Diệu Sẽ Xảy Ra Trên Đường Đời', 'Sài Gòn Đau Lòng Quá', 6, 'Nullam porttitor lacus at turpis. Donec posuere metus vitae ipsum.', 'Nulla justo. Aliquam quis turpis eget elit sodales scelerisque. Mauris sit amet eros. Suspendisse accumsan tortor quis turpis. Sed ante. Vivamus tortor. Duis mattis egestas metus. Aenean fermentum. Donec ut mauris eget massa tempor convallis.', 12, '2021-10-16 00:00:00', NULL),
	(196, 'Đắm Say Trong Không Gian Âm Nhạc', 'Có Chắc Yêu Là Đây', 9, 'Sed accumsan felis. Ut at dolor quis odio consequat varius. Integer ac leo. Pellentesque ultrices mattis odio. Donec vitae nisi. Nam ultrices, libero non mattis pulvinar, nulla pede ullamcorper augue, a suscipit nulla elit ac nulla. Sed vel enim sit amet nunc viverra dapibus. Nulla suscipit ligula in lacus. Curabitur at ipsum ac tellus semper interdum.', 'Maecenas rhoncus aliquam lacus. Morbi quis tortor id nulla ultrices aliquet. Maecenas leo odio, condimentum id, luctus nec, molestie sed, justo. Pellentesque viverra pede ac diam. Cras pellentesque volutpat dui. Maecenas tristique, est et tempus semper, est quam pharetra magna, ac consequat metus sapien ut nunc. Vestibulum ante ipsum primis in faucibus orci luctus et ultrices posuere cubilia Curae; Mauris viverra diam vitae quam. Suspendisse potenti. Nullam porttitor lacus at turpis.', 35, '2021-05-20 00:00:00', NULL),
	(197, 'Những Kỷ Niệm Đẹp Nhất Trong Tình Yêu', 'Buồn Của Anh', 22, 'In eleifend quam a odio. In hac habitasse platea dictumst. Maecenas ut massa quis augue luctus tincidunt. Nulla mollis molestie lorem. Quisque ut erat.', 'In blandit ultrices enim. Lorem ipsum dolor sit amet, consectetuer adipiscing elit. Proin interdum mauris non ligula pellentesque ultrices. Phasellus id sapien in sapien iaculis congue. Vivamus metus arcu, adipiscing molestie, hendrerit at, vulputate vitae, nisl. Aenean lectus. Pellentesque eget nunc. Donec quis orci eget orci vehicula condimentum.', 34, '2022-08-06 00:00:00', NULL),
	(198, 'Hạnh Phúc Thật Sự Rực Rỡ Khi Ta Đồng Hành Bên Nhau Trên Cuộc Sống', 'Mình Anh Thế Thôi', 18, 'Donec quis orci eget orci vehicula condimentum. Curabitur in libero ut massa volutpat convallis. Morbi odio odio, elementum eu, interdum eu, tincidunt in, leo. Maecenas pulvinar lobortis est. Phasellus sit amet erat. Nulla tempus. Vivamus in felis eu sapien cursus vestibulum. Proin eu mi. Nulla ac enim. In tempor, turpis nec euismod scelerisque, quam turpis adipiscing lorem, vitae mattis nibh ligula nec sem.', 'Morbi sem mauris, laoreet ut, rhoncus aliquet, pulvinar sed, nisl. Nunc rhoncus dui vel sem. Sed sagittis. Nam congue, risus semper porta volutpat, quam pede lobortis ligula, sit amet eleifend pede libero quis orci. Nullam molestie nibh in lectus.', 34, '2023-09-16 00:00:00', NULL),
	(199, 'Hãy Cùng Nhau Xây Dựng Một Thế Giới Tình Yêu Bền Vững Và Hạnh Phúc', 'Điều Anh Biết', 17, 'Morbi quis tortor id nulla ultrices aliquet. Maecenas leo odio, condimentum id, luctus nec, molestie sed, justo. Pellentesque viverra pede ac diam. Cras pellentesque volutpat dui. Maecenas tristique, est et tempus semper, est quam pharetra magna, ac consequat metus sapien ut nunc. Vestibulum ante ipsum primis in faucibus orci luctus et ultrices posuere cubilia Curae; Mauris viverra diam vitae quam. Suspendisse potenti. Nullam porttitor lacus at turpis. Donec posuere metus vitae ipsum. Aliquam non mauris.', 'Aliquam sit amet diam in magna bibendum imperdiet. Nullam orci pede, venenatis non, sodales sed, tincidunt eu, felis. Fusce posuere felis sed lacus. Morbi sem mauris, laoreet ut, rhoncus aliquet, pulvinar sed, nisl. Nunc rhoncus dui vel sem. Sed sagittis. Nam congue, risus semper porta volutpat, quam pede lobortis ligula, sit amet eleifend pede libero quis orci. Nullam molestie nibh in lectus. Pellentesque at nulla.', 41, '2021-09-21 00:00:00', NULL),
	(200, 'Đến Một Trái Tim Đang Mong Chờ', 'Đường Tôi Chở Em Về', 5, 'Vestibulum rutrum rutrum neque. Aenean auctor gravida sem. Praesent id massa id nisl venenatis lacinia. Aenean sit amet justo. Morbi ut odio. Cras mi pede, malesuada in, imperdiet et, commodo vulputate, justo. In blandit ultrices enim. Lorem ipsum dolor sit amet, consectetuer adipiscing elit. Proin interdum mauris non ligula pellentesque ultrices. Phasellus id sapien in sapien iaculis congue.', 'Mauris lacinia sapien quis libero. Nullam sit amet turpis elementum ligula vehicula consequat. Morbi a ipsum. Integer a nibh. In quis justo. Maecenas rhoncus aliquam lacus. Morbi quis tortor id nulla ultrices aliquet. Maecenas leo odio, condimentum id, luctus nec, molestie sed, justo. Pellentesque viverra pede ac diam. Cras pellentesque volutpat dui.', 22, '2022-08-23 00:00:00', NULL);

DELIMITER //
CREATE DEFINER=`root`@`localhost` PROCEDURE `sp_DSBaiViet`(IN p_ten_tloai VARCHAR(50))
BEGIN
  DECLARE v_ma_tloai INT;
  
  SELECT ma_tloai INTO v_ma_tloai
  FROM baiviet
  WHERE ten_tloai = p_ten_tloai;
  
  IF v_ma_tloai IS NULL THEN
    SELECT 'Thể loại không tồn tại' AS Error;
  ELSE
    SELECT baiviet.*
    FROM baiviet
    WHERE ma_tloai = v_ma_tloai;
  END IF;
END//
DELIMITER ;

CREATE TABLE IF NOT EXISTS `tacgia` (
  `ma_tgia` int(10) unsigned NOT NULL,
  `ten_tgia` varchar(100) NOT NULL,
  `hinh_tgia` varchar(100) DEFAULT NULL,
  PRIMARY KEY (`ma_tgia`)
) ENGINE=InnoDB DEFAULT CHARSET=utf8mb4 COLLATE=utf8mb4_general_ci;

INSERT INTO `tacgia` (`ma_tgia`, `ten_tgia`, `hinh_tgia`) VALUES
	(1, 'Nhacvietplus', NULL),
	(2, 'WibuMusic', NULL),
	(3, 'DanCaQuanHo', NULL),
	(4, 'RapNeverDie', NULL),
	(5, 'HoaHaiPhong', NULL),
	(6, 'Nhacvietplus', NULL),
	(7, 'DanCaQuanHo', NULL),
	(8, 'WibuMusic', NULL),
	(9, 'RapNeverDie', NULL),
	(10, 'WibuMusic', NULL),
	(11, 'WibuMusic', NULL),
	(12, 'WibuMusic', NULL),
	(13, 'Nhacvietplus', NULL),
	(14, 'HoaHaiPhong', NULL),
	(15, 'WibuMusic', NULL),
	(16, 'DanCaQuanHo', NULL),
	(17, 'RapNeverDie', NULL),
	(18, 'DanCaQuanHo', NULL),
	(19, 'CaiLuong', NULL),
	(20, 'CaiLuong', NULL),
	(21, 'RapNeverDie', NULL),
	(22, 'DanCaQuanHo', NULL),
	(23, 'WibuMusic', NULL),
	(24, 'HoaHaiPhong', NULL),
	(25, 'CaiLuong', NULL),
	(26, 'RapNeverDie', NULL),
	(27, 'CaiLuong', NULL),
	(28, 'WibuMusic', NULL),
	(29, 'HoaHaiPhong', NULL),
	(30, 'WibuMusic', NULL),
	(31, 'DanCaQuanHo', NULL),
	(32, 'DanCaQuanHo', NULL),
	(33, 'WibuMusic', NULL),
	(34, 'RapNeverDie', NULL),
	(35, 'WibuMusic', NULL),
	(36, 'DanCaQuanHo', NULL),
	(37, 'WibuMusic', NULL),
	(38, 'CaiLuong', NULL),
	(39, 'HoaHaiPhong', NULL),
	(40, 'HoaHaiPhong', NULL),
	(41, 'RapNeverDie', NULL),
	(42, 'HoaHaiPhong', NULL),
	(43, 'HoaHaiPhong', NULL),
	(44, 'WibuMusic', NULL),
	(45, 'HoaHaiPhong', NULL),
	(46, 'Nhacvietplus', NULL),
	(47, 'WibuMusic', NULL),
	(48, 'WibuMusic', NULL),
	(49, 'Nhacvietplus', NULL),
	(50, 'CaiLuong', NULL),
	(51, 'HoaHaiPhong', NULL),
	(52, 'CaiLuong', NULL),
	(53, 'HoaHaiPhong', NULL),
	(54, 'Nhacvietplus', NULL),
	(55, 'Nhacvietplus', NULL),
	(56, 'DanCaQuanHo', NULL),
	(57, 'WibuMusic', NULL),
	(58, 'HoaHaiPhong', NULL),
	(59, 'CaiLuong', NULL),
	(60, 'DanCaQuanHo', NULL),
	(61, 'Nhacvietplus', NULL),
	(62, 'RapNeverDie', NULL),
	(63, 'DanCaQuanHo', NULL),
	(64, 'RapNeverDie', NULL),
	(65, 'CaiLuong', NULL),
	(66, 'DanCaQuanHo', NULL),
	(67, 'HoaHaiPhong', NULL),
	(68, 'DanCaQuanHo', NULL),
	(69, 'Nhacvietplus', NULL),
	(70, 'CaiLuong', NULL),
	(71, 'WibuMusic', NULL),
	(72, 'RapNeverDie', NULL),
	(73, 'CaiLuong', NULL),
	(74, 'Nhacvietplus', NULL),
	(75, 'HoaHaiPhong', NULL),
	(76, 'Nhacvietplus', NULL),
	(77, 'Nhacvietplus', NULL),
	(78, 'RapNeverDie', NULL),
	(79, 'HoaHaiPhong', NULL),
	(80, 'CaiLuong', NULL),
	(81, 'Nhacvietplus', NULL),
	(82, 'Nhacvietplus', NULL),
	(83, 'WibuMusic', NULL),
	(84, 'CaiLuong', NULL),
	(85, 'RapNeverDie', NULL),
	(86, 'Nhacvietplus', NULL),
	(87, 'DanCaQuanHo', NULL),
	(88, 'RapNeverDie', NULL),
	(89, 'CaiLuong', NULL),
	(90, 'HoaHaiPhong', NULL),
	(91, 'HoaHaiPhong', NULL),
	(92, 'WibuMusic', NULL),
	(93, 'Nhacvietplus', NULL),
	(94, 'DanCaQuanHo', NULL),
	(95, 'DanCaQuanHo', NULL),
	(96, 'DanCaQuanHo', NULL),
	(97, 'Nhacvietplus', NULL),
	(98, 'DanCaQuanHo', NULL),
	(99, 'DanCaQuanHo', NULL),
	(100, 'HoaHaiPhong', NULL);

CREATE TABLE IF NOT EXISTS `theloai` (
  `ma_tloai` int(10) unsigned NOT NULL,
  `ten_tloai` varchar(50) NOT NULL DEFAULT '',
  `SLBaiViet` int(11) DEFAULT 0,
  PRIMARY KEY (`ma_tloai`)
) ENGINE=InnoDB DEFAULT CHARSET=utf8mb4 COLLATE=utf8mb4_general_ci;

INSERT INTO `theloai` (`ma_tloai`, `ten_tloai`, `SLBaiViet`) VALUES
	(1, 'Pop', 9),
	(2, 'Rock', 4),
	(3, 'Jazz', 8),
	(4, 'Nhạc trữ tình', 10),
	(5, 'Hip hop', 8),
	(6, 'Country', 8),
	(7, 'EDM (Electronic Dance Music)', 5),
	(8, 'Classical', 5),
	(9, 'Blues', 5),
	(10, 'Reggae', 9),
	(11, 'Funk', 5),
	(12, 'Soul', 7),
	(13, 'Gospel', 4),
	(14, 'Disco', 3),
	(15, 'Punk', 7),
	(16, 'Metal', 6),
	(17, 'Alternative', 6),
	(18, 'Folk', 7),
	(19, 'Indie', 10),
	(20, 'Electronic', 11),
	(21, 'Ambient', 10),
	(22, 'Dance', 9),
	(23, 'Latin', 3),
	(24, 'Salsa', 5),
	(25, 'Reggaeton', 3),
	(26, 'Bossa Nova', 9),
	(27, 'Samba', 7),
	(28, 'Flamenco', 3),
	(29, 'Bollywood', 5),
	(30, 'K-Pop', 9),
	(31, 'J-Pop', 0),
	(32, 'World', 0),
	(33, 'Celtic', 0),
	(34, 'Opera', 0),
	(35, 'Acoustic', 0),
	(36, 'Trance', 0),
	(37, 'Techno', 0),
	(38, 'House', 0),
	(39, 'Rap', 0),
	(40, 'Instrumental', 0);

DELIMITER //
CREATE DEFINER=`root`@`localhost` PROCEDURE `UpdateSLBaiViet`()
BEGIN
  DECLARE x INT DEFAULT 1;
  
  WHILE x <= 40 DO
    UPDATE theloai
    SET SLBaiViet = (SELECT COUNT(*) FROM baiviet WHERE ma_tloai = x)
    WHERE ma_tloai = x;
    
    SET x = x + 1;
  END WHILE;
END//
DELIMITER ;

CREATE TABLE IF NOT EXISTS `users` (
  `user_id` int(10) unsigned NOT NULL,
  `user_name` varchar(50) NOT NULL,
  `user_pass` varchar(50) NOT NULL,
  PRIMARY KEY (`user_id`)
) ENGINE=InnoDB DEFAULT CHARSET=utf8mb4 COLLATE=utf8mb4_general_ci;

INSERT INTO `users` (`user_id`, `user_name`, `user_pass`) VALUES
	(1, 'user1', '$2a$04$QckyImqBX0ydsXmTG.JSUOH0LuYw29mkyzQ3EAnEU4J'),
	(2, 'user2', '$2a$04$H1.g.8uu/xzXfQ5HNkOwa.EsjtzI2iJC6L58qI4Qg2W'),
	(3, 'user3', '$2a$04$xhOOiUicZWIgwE15peBDsOEoDDCPr730ZA5KAPcO4F4'),
	(4, 'user4', '$2a$04$CBvWwQUDbiSgaNuGV0JlJ.ithPxdITuS73KmAR3JbjQ'),
	(5, 'user5', '$2a$04$B8l/vhPfJnHUwqO9N4eomeq6RrsFlgfZXZJSnU44YQs'),
	(6, 'user6', '$2a$04$53Iqh9NDB5B5THRTskbwdOZbXsIU4o7buMWR.K7EZNC'),
	(7, 'user7', '$2a$04$.n7WBbTwBzIEGXry3OT6cOzL8MEs0BN4BO688FG2I2b'),
	(8, 'user8', '$2a$04$3zcWcy9q6zjKtSGvW7sv8e3pTxUZpXjhgi9NfidF5Ct'),
	(9, 'user9', '$2a$04$q/b0Lp6CRynlMddmchUqm.dKHr1xj6Cn3tqCtFYgpLv'),
	(10, 'user10', '$2a$04$C6n1A.1RBbtktABlCgydlelyyW7L5wNvf0GRryix2fY'),
	(11, 'user11', '$2a$04$IBuWyhxI08bkeM7BtOPfXel8dIeZjd0jR1cbrgfFnBP'),
	(12, 'user12', '$2a$04$/0Va4Y/.FFGPJ3uSoZQ9wO4Ofsh0HIvsSwyk5Pk.O8M'),
	(13, 'user13', '$2a$04$DB6rBhOVvtcrf6CCcqUhbuTV5ODU5uzDg87nx5XSCsb'),
	(14, 'user14', '$2a$04$R8sM7H1DgUF6e2BDDAuLteqzx1D50xbsCJv/KK7TlbG'),
	(15, 'user15', '$2a$04$zLMIugd4luqQwJVXG5RZeevdsIROms8jVuiDgeXs2UK'),
	(16, 'user16', '$2a$04$N11V8seq.heR7gZzmZUbjer0g2vcnlxgI.Qf6gnITRZ'),
	(17, 'user17', '$2a$04$oQ6Gxj7kyeSDpJA1Klt1D.YiUHK971CRVASiSnFv/My'),
	(18, 'user18', '$2a$04$6NEzhh0ZDS/pMp8C4gFuHu0b/XpLM6sMCV7YaRRBN2Z'),
	(19, 'user19', '$2a$04$oceihbz0SWODIKLFR0HgU.vJtXv6a/K5DEFLpuNstZh'),
	(20, 'user20', '$2a$04$fLfosyPdLDHWfBipeSw0T.CpcT5AMKHwD6bh34Knw./'),
	(21, 'user21', '$2a$04$Mq6pOib4Sz.NOvYssOdlL.PlDT7ardEg1WDoBA5bUqV'),
	(22, 'user22', '$2a$04$ZhSPznjENcqpCAriwyh3ous8vG6/XRr/FGbpjVdeEt4'),
	(23, 'user23', '$2a$04$50FPoa2fEelGb1QgmHRQSeJH5Tj22qXuBaqGoUdhTNK'),
	(24, 'user24', '$2a$04$zWqT1ga/lIlMpHZXtX5tD.dPXgjGFNefEecX5X9QvLQ'),
	(25, 'user25', '$2a$04$v9/sPNsfKH5rgRhf85Nlvez/gijtyZ5TO/Tg7wHmk9q'),
	(26, 'user26', '$2a$04$qSC5Cm7BlnmxwyHVj9cmBeg3E1d/QcdDb./d6D7QDym'),
	(27, 'user27', '$2a$04$aSHq8XG6qbJDxG5W/6gq3.SG/Ji1wY9xwln1VLarGNk'),
	(28, 'user28', '$2a$04$4cbwrYFT3tXHCiknmj.G0OW1Yq1nha8fwiEa6s4T1/F'),
	(29, 'user29', '$2a$04$.jgn36F8zNA1X715inGTj.LDWtcxpj8XR7ecSwZDCfU'),
	(30, 'user30', '$2a$04$vU6FyHI5cAmuaka9Pdvbyuf8jgmt5tTC0dvfOtoWx4p'),
	(31, 'user31', '$2a$04$0JndBWhdT6eQaYQpa2EAi.SbJgAQw1r7Cbkknm05dqg'),
	(32, 'user32', '$2a$04$NNpDnVZAHwwemgV3qkuwe.pzUoSfNHXkUkKNZlxk4tE'),
	(33, 'user33', '$2a$04$PlUBDZWwN4G0b6bnsKkt.epCazFXbgyw0Hz5FHAMnK5'),
	(34, 'user34', '$2a$04$kuN.4WdLwFwhj59La60B2OUuC2R/F83C86pnZnIgr9b'),
	(35, 'user35', '$2a$04$VS0c7iOztGpiJ/ZiBrbFI.ceW.kqE1M0hLyS961KrsQ'),
	(36, 'user36', '$2a$04$HPLQns6yRh20vcSlGFDK0O3fjegv/JdK0E0c7kzgREb'),
	(37, 'user37', '$2a$04$7fGyg8hXDvBsQLLrwdLHdO2jvsHo.2E1D1eN65ofPQa'),
	(38, 'user38', '$2a$04$ce9Gn0/eR51mtne2Dr2vhOoC7OCAKzhTPiW3RBQ.kk4'),
	(39, 'user39', '$2a$04$.voyVvTkOoweMEYACDYdFecRrX5clw1NeEwfYkxlGLQ'),
	(40, 'user40', '$2a$04$iWjujYqWpe48WNUY5RML7up8I0QAL3/Irkoy9ttZZcR'),
	(41, 'user41', '$2a$04$D3WevK03RQTLqdpfXxRuIO.AFeA72/LLgmMkbHgLabB'),
	(42, 'user42', '$2a$04$DoOTVp8D/yg96FIiID8nJ.ZxCgcy.ox/fjJFZNeSbJK'),
	(43, 'user43', '$2a$04$KNMRmz2kCQCQ2E0wAH090e4IXCQqVuAJq8EFfs4VKm8'),
	(44, 'user44', '$2a$04$t5Jh6svyt1seQdwPm5s13.7fPV6M0TNKNBzsngGdM59'),
	(45, 'user45', '$2a$04$R9GumjjbQNIpK3rE6oLnu.ks4Rxl3YR4b3QFIWlrcuR'),
	(46, 'user46', '$2a$04$cW74.bpM3iH82UIvkxDK/u1atfY3YSFbJi4Thuv/Gzt'),
	(47, 'user47', '$2a$04$Mv8k739hBdrdvGFcRbcaNu408y0GGclI/4bVUU8hSxW'),
	(48, 'user48', '$2a$04$2FGqIH5eXqmJyb9E5acItepZdFRAyFvXYURQrEV8x2w'),
	(49, 'user49', '$2a$04$PeR4YSZ13JzEJ1/FJIRLCO1pEku8IECNi2N1hk0UjJm'),
	(50, 'user50', '$2a$04$4iBmhpuD3atMsTq48s5U.OjU1hUVaAzrcbsZeG7bW3D'),
	(51, 'user51', '$2a$04$EUSjEolf7.2TYZcsWg/MtuZ1nl4RPpknp/1sZro33Qv'),
	(52, 'user52', '$2a$04$0nEZ3UinnT91MANHZkv/R..ZPI0NhuwO9wDFyoG9c0C'),
	(53, 'user53', '$2a$04$K2nPL2c3yuhSU/H1SKz8ZORKhUKvsbaLdn3REPi5592'),
	(54, 'user54', '$2a$04$Ge7exu.JsurcBHWkMcaHCu178X07ST4J.rNoJE/Ym5a'),
	(55, 'user55', '$2a$04$0NCjGJjlYQR6pXR9qNosmedNIvuB600eHIEeS7GCElv'),
	(56, 'user56', '$2a$04$tgULxWvWuHNF0WCaXWToduIJY61AP2xWOfpXhS5VRQ7'),
	(57, 'user57', '$2a$04$vLW22vLv4XP52.xyQZ3c2eZI9M2n.vqV6lqyHjeODET'),
	(58, 'user58', '$2a$04$n/eGNgsY2EDCZB6kNMqyZ.28VXyJGBdP9/5KFKUOFHG'),
	(59, 'user59', '$2a$04$gjd3ooXHG0Ej5waVDOJmle8J.tWJAtTc4RE4ycmAge0'),
	(60, 'user60', '$2a$04$NFZyQ747VPkORcci9yWER.Ycm2UzcnA3CPUIIeVSQAI'),
	(61, 'user61', '$2a$04$i2WV0JkN/Q5PIhdohxF9HOKFE1D0eUPLnM4yFJQkSO/'),
	(62, 'user62', '$2a$04$fbH7GOgvLLopqLbyZZhy5uk37HGMR8WkWVLsUXeo/vj'),
	(63, 'user63', '$2a$04$ND4hi/RghZEsAzVwJDP2qu3cTFfmgW/HTvEZ/ZiV/tO'),
	(64, 'user64', '$2a$04$9uDdJi29TQkzH37yR1OTi.EdH2E7QD5akSbWWMvwOpH'),
	(65, 'user65', '$2a$04$ZaHfeQ2onXiHgS/xrDSQUOOIiO6Q2B9M2J2GMx.n/O4'),
	(66, 'user66', '$2a$04$BjTBZNK9opVrDk2ZWf6vM.vLcpiFogfjfbt.3yWhlKB'),
	(67, 'user67', '$2a$04$UxA0/Kp.jhEPpU19pVQsO.hDuylJWaXW/kLwx1uki6i'),
	(68, 'user68', '$2a$04$z1fvivAnEebnRj8udeHdP./s.SON6EMob3gZAKTeV9M'),
	(69, 'user69', '$2a$04$glyrxgtEkixday5265ny0.agKTNn8OjeHTisYOSxdfr'),
	(70, 'user70', '$2a$04$yveoVVD45ba7a9n0qonn2OSBCyTgmn9pEK/ptwfNX3h'),
	(71, 'user71', '$2a$04$rN3VskkMVDJGIuJUW6iJaeH0z49oS2p1gC6f/49VDUq'),
	(72, 'user72', '$2a$04$zAgWNgx8kPuIS6J.o9CpkeCJjq5gHBj..MiRxCT0F7P'),
	(73, 'user73', '$2a$04$iaU6c1I4KvOtWN0XDi8ypO9JKji5y2jU8tNJRyQ8bJT'),
	(74, 'user74', '$2a$04$6u6Huyw43jv/cTXkkItfvOrGbIsxGamoNPm..RwhLG5'),
	(75, 'user75', '$2a$04$i5fkrenvZkKDY1NlONGsr.Fdo8zll8jHG92FJRbw9G6'),
	(76, 'user76', '$2a$04$1bzV6rnbTUPmGJxbPgYzeeJ7v0e6xIhiSl9mRY2oMR7'),
	(77, 'user77', '$2a$04$R8oAi7gXVzUn9zAqXPuv0.ZGtiRmQFw8.1WDLC3Y8Vu'),
	(78, 'user78', '$2a$04$CvgiUHW4dSS.S424r3.Hp.cZVVQQGVF24mTZjquD.b7'),
	(79, 'user79', '$2a$04$mo41PZryqsEvxgV2whKvd.m8DFNSfRIP9U/WuUjhukw'),
	(80, 'user80', '$2a$04$vzyRF5m5LH6EEiP9MP4X3OEvD/90pGtk/rSCusgfsZE'),
	(81, 'user81', '$2a$04$Q/sWhbczVzPQhRVNHLliyeVyX.0QkCyFFmUo27l9yOe'),
	(82, 'user82', '$2a$04$THhqXD0yMsapa9nKephJ5.0inSZaeDHHInLw.l/LejC'),
	(83, 'user83', '$2a$04$T.WZbQEnXZQ9Zdhcj.WRLupzlJK61Zlozt0.lZa4L8K'),
	(84, 'user84', '$2a$04$MB4xSFy2jFaWEzonTuZeZeuNowKv6VvHJvyC1L8zdCe'),
	(85, 'user85', '$2a$04$pHYBJ4AE.WccIrwkBrml3ui23PKUOTyr45Gpt5a8v//'),
	(86, 'user86', '$2a$04$wgAP98yfTe0QnjJBKZLxnulny2o/E.yh5uXOSz3ZLH5'),
	(87, 'user87', '$2a$04$2b9mJc.Ho2gY60qHR5FLoOgYNFk62hRRM8pcUMmOEuW'),
	(88, 'user88', '$2a$04$I0c7v6bqD0O2B5SiP2l8eO0Nd6kKM6K.FlSD6NthTHZ'),
	(89, 'user89', '$2a$04$Xxotm6vtVzgGfTRAGGgYUuu82pyW0qXbsr62Ac8/9a4'),
	(90, 'user90', '$2a$04$splFezVkFrafHzj3AK5xq.CoUe8TvVoXUPYIg7defHK'),
	(91, 'user91', '$2a$04$VNe3DVDyTIJaQW77DYmQ/.CSRPLyySej7ZwNL.KBqTe'),
	(92, 'user92', '$2a$04$peggXbTnzA8fNEd6nq8KoORGlTCzYT42bmti1kHa1i2'),
	(93, 'user93', '$2a$04$Z2Rj69lrxiECHdMDqhwWmOHxez357c5uYtOjSKuKdb8'),
	(94, 'user94', '$2a$04$hyWPXmmJ9B8DM1qLenJ7Sulm.pKi4G01CfH9j67VryD'),
	(95, 'user95', '$2a$04$hsAgH9ZQeNazKiQElXCEIucZcygBtx5Lv0dM31YzNVm'),
	(96, 'user96', '$2a$04$dgqoKLNYPKTwMBXYQqfSX.EzCbxzIaX656b4tiZy71t'),
	(97, 'user97', '$2a$04$oAZ3xi4j258hFGA331UW5OBQ/vgBF2FcKZOFuZ0OJmP'),
	(98, 'user98', '$2a$04$93uslJKyQPR9FU2RdfiI0eQ33VueflPag8v8tnPN96t'),
	(99, 'user99', '$2a$04$3AGtnpq9JdX6GU8lOEW5C.MJCXj1/M258RxBy1ln85I'),
	(100, 'user100', '$2a$04$DzYtlnxfEr0i7hXV8L5A7edI3YEn7rGwwmVXPgnBD.i'),
	(101, 'user101', '$2a$04$xdcioE1KDdv1ceeKWaXrveat.ALU9s2N6UYrEAFkDVI'),
	(102, 'user102', '$2a$04$aWFl/UXeWyV2izf8wOoxXujqOvKM0jgPFGgbSIP2QAs'),
	(103, 'user103', '$2a$04$V2D3xdD8jE94nemNvsiYMeO/QXdwxi9/KvepKBub02p'),
	(104, 'user104', '$2a$04$mZ57BrGAUL/bCzq.31rsgOieIvb4CmAlfv1U7.AO6DA'),
	(105, 'user105', '$2a$04$tQkVinwd9BX4OiRPd19zJOQykruYooBlTJPiPBGCi6N'),
	(106, 'user106', '$2a$04$yxrnsCZl.Pwczck6wev2nuB2uUYHAkDILJy6Iho1nIW'),
	(107, 'user107', '$2a$04$iV2itteYGAiyBrye80YraOuuRgl4Rjm6lI6.GG117Uj'),
	(108, 'user108', '$2a$04$Xqd3zRZW6HrNOViLAe4YIeWXAVU81TW.ROJRu/lCAkg'),
	(109, 'user109', '$2a$04$V.Q1GZGYDAlc7eyNxmeFMeUaMEz6W.wt7Dy4QDsX1RA'),
	(110, 'user110', '$2a$04$/ZRYsDrur8HixEmQYYn7QOWOV39sU/MBs3dK5PrxACZ'),
	(111, 'user111', '$2a$04$sc.CR9MQdsjjFium/mH8/ug24sD2XiHxxLxBgHaIBTd'),
	(112, 'user112', '$2a$04$XRmrCAofsfba/11wgBPOXu312NKhteL/52SPQUAIthl'),
	(113, 'user113', '$2a$04$0Rxi7qjKRY.9y4/FoxuDxO4E2Dn2aZT6Nm.Ga46vGbg'),
	(114, 'user114', '$2a$04$GGrtTNm3K7Mrdl5UctpEne3XUfY2K4ZnQZBuDQdD037'),
	(115, 'user115', '$2a$04$ZrC7MTdgfNJYZR2gGmGsOOwxqCO3mFoaWNRlSWj0g7K'),
	(116, 'user116', '$2a$04$YUr.u5W.qeKyaGmA0T3Zae0ZcDuGsjhnEHT642S6sKj'),
	(117, 'user117', '$2a$04$wT4l824dsbXGcMct8nx.FuGZDfXghlkpa2W50BT1Wnx'),
	(118, 'user118', '$2a$04$SGY3lmuAX91gSbEBNnWq8.QOt3aCyhcNTe9ezCEC1I2'),
	(119, 'user119', '$2a$04$TzLGfj8exPtNTWWt9eIe.O1em9wZNouJDZ4sONVHHuK'),
	(120, 'user120', '$2a$04$Y5D4gL1YBbmyP0QyPAGRdu4Jkci6IiSd9kcnpyH9yYR'),
	(121, 'user121', '$2a$04$.89iEWryJ1yfHTmhLoHIKukcvUMYGF/c5sO4f7sqa2M'),
	(122, 'user122', '$2a$04$Ho8z3HNDnAUDvTP1p1RbS.cf9OgSY97HcXXYj5NAIOQ'),
	(123, 'user123', '$2a$04$eR1cEkvrdK/ugZ/FZtSkGOpIGIsTnp..DoWuVr8pKmv'),
	(124, 'user124', '$2a$04$kC6ndBn5shb0hv7L4AlxPOeoIR1kggbty/ujm0cmjcB'),
	(125, 'user125', '$2a$04$E9WaxJebCfoCRJjEDpV3U.ZgsutmIlD42mDZcw6pvTG'),
	(126, 'user126', '$2a$04$.VmuN5Ji9YrLeyPS5W1mdOt3O5i0Ki4cVeIEdc9ZxXp'),
	(127, 'user127', '$2a$04$FkQbJtjIqKYmA39SkX3g.Ok6BFtcKZ4vuM8M3J37L0w'),
	(128, 'user128', '$2a$04$7WArwNIfjwKSpDSlA9.xLO8xZdE9yOGW5wqokZoQKVt'),
	(129, 'user129', '$2a$04$zdGbEtrYvKWeLGvEsnRoseqUBUaTimSBOnzneK7sIye'),
	(130, 'user130', '$2a$04$iz7Rp3RcMlfn0mOZdSNYqeOq52VitT4XUkgJ2IZ.z/Z'),
	(131, 'user131', '$2a$04$wSP4y1Yxc5IEOe9DffFr8.QFyJmtK34whsI8Ti8JtKm'),
	(132, 'user132', '$2a$04$ianoeQpC/5inbyk8J1JnIutpeXkSD6ByO./ua.Nzxq8'),
	(133, 'user133', '$2a$04$DWrgTBueu7W0qJlZhTcYBeD.e.B04FFewInmoz46vHU'),
	(134, 'user134', '$2a$04$by6rvJQpM3KD6SwL8DSTOu4A6dzJjI4UplRrgz6VpPl'),
	(135, 'user135', '$2a$04$xQJVzDxm3yfXievWirQBfOHOJ1UhftnBEOaPeEWHDlq'),
	(136, 'user136', '$2a$04$rRCy/0nvv00zad.kKle20uaif/INcfk8cnZHGrsmDvK'),
	(137, 'user137', '$2a$04$m6uTK2WzipE6H9R4tGDRouWnl0k3lzyDjjmBx68FzC5'),
	(138, 'user138', '$2a$04$0XqWQ2X.sawgSgLBPUeQbuMRoK3hwtLAup/0JBIar0B'),
	(139, 'user139', '$2a$04$xZtBhZHt0a2B8zEQeR1b.e.SqOfMp/pUsONcO6gMXq0'),
	(140, 'user140', '$2a$04$RhHs2tAvYNMcyjhyDaA8Oezl9c9Jql65QpFU8.Fa5Ij'),
	(141, 'user141', '$2a$04$9zoYHtqNXjUKibc21YLJx.c1wrUT3p/LNvzauvU7Fyh'),
	(142, 'user142', '$2a$04$zR79buXXxRNwi0la86h8XeibIGwAmAh5fsUwJ7qVzrl'),
	(143, 'user143', '$2a$04$pzCPeKxBNF87X9AVJtkYsezJ/JaMkCnH7M7DqjOnedI'),
	(144, 'user144', '$2a$04$CAQiI1mfl1Z5HuAKs.q7fOR12fXxQt8UNEW2FhMvR.z'),
	(145, 'user145', '$2a$04$JAHs5m3iUhNweBHXPWDIVOmo97D9nEs0PYACLTmQcMU'),
	(146, 'user146', '$2a$04$GnrOeM6jjuSCKpvvn3O1NONfKDy4QJPIdmXdM7PCKWa'),
	(147, 'user147', '$2a$04$RGQ34sH86Cob7TZe8Ll.FO5I8LbDRYncMLGlHDmrkaL'),
	(148, 'user148', '$2a$04$IxLPbxIA/bEf85iwSQzpoumLF/44mVFmOt0tUoAvAj0'),
	(149, 'user149', '$2a$04$dMxWh9i7/ITWVlivgI4HgOcj8pIxgwHyONPQKQB6UiD'),
	(150, 'user150', '$2a$04$1KJvFeF3gD559W4nUoFDi.HBWMDVQtw/H7oi81Uh.Ns'),
	(151, 'user151', '$2a$04$yCU0SX.xgNN10p81DsPEzuGP2qw1ighM2cgiBbXlJUi'),
	(152, 'user152', '$2a$04$P4NGMIf06o54if9l.jGfd.l3TWOPayDcb/3/98.m2v1'),
	(153, 'user153', '$2a$04$ump5l7LSNmo0rnLFrwHpTuBgP3np.vQppeda3DkaSJz'),
	(154, 'user154', '$2a$04$kIXgJknhnukcfPzeNARI3ec/RzXMEZnc.aR3hJFNOHK'),
	(155, 'user155', '$2a$04$BCVrsG3OZyO7KZB7j0WJuO3ohUSVCsA3QLcd3NhJYT7'),
	(156, 'user156', '$2a$04$nXJs6hlAcx3qJ7R2AGnscunRI6Zbl3zCn047xBABxQ1'),
	(157, 'user157', '$2a$04$52bnofSmmqOvFUqg39mcVeLgzTR0Pq8nbTPnt3u.7hJ'),
	(158, 'user158', '$2a$04$ruXask8Sp1iZzgqj2deqV.NvOviM14fFDyJIIz1ZYlI'),
	(159, 'user159', '$2a$04$oqzRF4sllmnxmoMB.QvTHuJ4sAoSvaSe6aStPvk6KYN'),
	(160, 'user160', '$2a$04$Dax2ir.QirVTHwFVkjhTr.DGOlzD4dgNARjJR5JAJum'),
	(161, 'user161', '$2a$04$aKm/pNGjy7tluwGDF3NY..Q/EH/DzrZ.iNNkDhnvNaA'),
	(162, 'user162', '$2a$04$am1PF2SvYVdB35rgroe/Y.Ovl3gCDzHq9W96YQ/H1VU'),
	(163, 'user163', '$2a$04$OD/LisXPpapV8vX3Lu.zk.WV2ge92JLM5WXZ9tryDhT'),
	(164, 'user164', '$2a$04$Wq/YVbY5PGymosLgYF/Ogeixwn9aWrU3kOQHRZWuX/f'),
	(165, 'user165', '$2a$04$NBEKD/pa97BLgNn2GLh08eTzZ1L3mUh3UWuCFrTjCVY'),
	(166, 'user166', '$2a$04$uiL/LUtdjX2FSHnBzI.1kOW56aDIHCZ9TiaN0lO/mx2'),
	(167, 'user167', '$2a$04$ScOcxlOuVYKUl5v6aYQYx.UqXVcusz.njrmR/V9LS5H'),
	(168, 'user168', '$2a$04$qzJPNGRCIzYmeC9f4Ki1Ze9mQZ8G3YUxBr6eJN4ERpS'),
	(169, 'user169', '$2a$04$5bucz1T8vQO/SWHxOLsaJ.5UwWQf7wHx18T0Dea3g0I'),
	(170, 'user170', '$2a$04$trNjAPanyiF5j53KxigTlOjmsUKk4SDWxMzbl0e35dz'),
	(171, 'user171', '$2a$04$HLGTTrOxvwVMpCqxHLJaN.eAC6oCP/03V/AJXIAjy0h'),
	(172, 'user172', '$2a$04$..x6v0G2sLpqfHHmrWAnOekA1Ppd18bSkthB08Ryf5y'),
	(173, 'user173', '$2a$04$NoRJresszw/7pJ6vPxKXy.sAxEXwYfDEpBV8MMf9FA1'),
	(174, 'user174', '$2a$04$wZHJrUNE/BD93M3hy5ECGOlSfB6ZY4rKa8wXspAQbw9'),
	(175, 'user175', '$2a$04$wUZXBpAgbvMN2pTSWjv91.QyclnfU0m5vG6z9qxbKWG'),
	(176, 'user176', '$2a$04$DKwi9OPo/782KNdA.UbTNe0f3F14WumpL7W0aWNq.Ov'),
	(177, 'user177', '$2a$04$.ps646xdizwnPOT6Ne/txuBxR6emZIKbRvyg5ijRvTF'),
	(178, 'user178', '$2a$04$HOuW8N5hT3wJcgexCjpRH.EHK8tJIQ4MorCdxTMF2Bu'),
	(179, 'user179', '$2a$04$VZlMEI7DGYAdMB1uOuIAOuVc.ONiydeQ8PqP0rlU6bi'),
	(180, 'user180', '$2a$04$UuJvXGVeibT3URIN7Bydn.RtPhjoY5KjMIyRQm7BXfG'),
	(181, 'user181', '$2a$04$4u8AEwnn8StNrvsj5aTC0OpMn9ZoTv0BP1ut1F2x9Oz'),
	(182, 'user182', '$2a$04$kb2VsVFrtiUNns6HaRKXTe02xKAa2etiY6dms9ZQcty'),
	(183, 'user183', '$2a$04$XVVC8LAx12hqHFGLoFAYUue8v0mS73JBeu9J7WMt4Tt'),
	(184, 'user184', '$2a$04$9SLURyIYnQa1QToF39Pm5.xZJla8fxpnlgIGIgbnbK2'),
	(185, 'user185', '$2a$04$iZuBcBB8hm/nWYYqx4Yadu7giZYxKSlxqgHqzWy3Zp1'),
	(186, 'user186', '$2a$04$A.T/GTu4KAryV4bdmtZBa.tBKIsdqQtWVk8gdMdzNAc'),
	(187, 'user187', '$2a$04$LsLyKqrePfTAYTGx1d1h/uHP/C9xr1OqqqgUsOtGow.'),
	(188, 'user188', '$2a$04$g4dzV2RZ/JiOlyu6oZAe0.o2MvtGzNezw6OTI0dg92p'),
	(189, 'user189', '$2a$04$pHCTgyLPq9BU9Eb5x/cY0eWHv.hobzNmnrc8v/hWiSn'),
	(190, 'user190', '$2a$04$1EBW.ZvQUlh9W9ULOMdiZuJ4L4BW8/.zMiIFLZlAwaL'),
	(191, 'user191', '$2a$04$o9MtovNpeNqTEqlGSM2ZwOCu1WNJFj.i3E7jcdTY/Oe'),
	(192, 'user192', '$2a$04$.ltFIxgeE5U62CvY514O9ukG10Zh9YN1HoKQEitvdvU'),
	(193, 'user193', '$2a$04$5KNBjylZ1kBN9nM.XtnGxeQlZ.mMff2v/0gcMdTmlsV'),
	(194, 'user194', '$2a$04$buJ1eI/NfVMuf5qL/a4dUeJImfp963aNIWO0/eph2nC'),
	(195, 'user195', '$2a$04$FQE5IutH..we...dMkTi3OIKpUH3JKvvCWWi5FrNnoW'),
	(196, 'user196', '$2a$04$MAupecYa./ByL9u76BimPezMC32nQYrVObTwUcveRYM'),
	(197, 'user197', '$2a$04$hualH9QkVqAT2Pg5wXsQj.Q5y07CotzfwtboBitPveW'),
	(198, 'user198', '$2a$04$3r1AMe1S0S733f0gesm0pufheAiuzvNUDfPuGKku5AN'),
	(199, 'user199', '$2a$04$MTHXMdFF4zVotXpk5Cdzx.A6KESG0Y/ysC7oOzd7Gys'),
	(200, 'user200', '$2a$04$qSaDbVf2dxsChivhLU/BJ.n/YBwouEnv9kIwuO5HJR4');

CREATE TABLE `vw_music` (
	`ma_bviet` INT(10) UNSIGNED NOT NULL,
	`tieude` VARCHAR(200) NOT NULL COLLATE 'utf8mb4_general_ci',
	`ten_bhat` VARCHAR(100) NOT NULL COLLATE 'utf8mb4_general_ci',
	`ten_tloai` VARCHAR(50) NOT NULL COLLATE 'utf8mb4_general_ci',
	`ten_tgia` VARCHAR(100) NOT NULL COLLATE 'utf8mb4_general_ci'
) ENGINE=MyISAM;

SET @OLDTMP_SQL_MODE=@@SQL_MODE, SQL_MODE='';
DELIMITER //
CREATE DEFINER=`root`@`localhost` TRIGGER tg_CapNhatTheLoai
AFTER INSERT ON baiviet
FOR EACH ROW
BEGIN
  DECLARE v_ma_tloai INT;
  
  SELECT ma_tloai INTO v_ma_tloai
  FROM baiviet
  WHERE ma_bviet = NEW.ma_bviet;

  UPDATE theloai
  SET SLBaiViet = (SELECT COUNT(*) FROM baiviet WHERE ma_tloai = v_ma_tloai)
  WHERE ma_tloai = v_ma_tloai;
END//
DELIMITER ;
SET SQL_MODE=@OLDTMP_SQL_MODE;

CREATE ALGORITHM=UNDEFINED DEFINER=`root`@`localhost` SQL SECURITY DEFINER VIEW `vw_music` AS SELECT baiviet.ma_bviet, baiviet.tieude, baiviet.ten_bhat, theloai.ten_tloai, tacgia.ten_tgia
FROM baiviet
JOIN theloai ON baiviet.ma_tloai = theloai.ma_tloai
JOIN tacgia ON baiviet.ma_tgia = tacgia.ma_tgia ;
